purchase_id,invoice_number,date,employee,account,platform,unit_cost,qty,unit_price,total,product_id
1,1.0,2022-12-03,Fausto,Caja, ,507.32,8,660.0,4058.56,957
2,1.0,2022-12-03,Fausto,Caja, ,75.54,20,100.0,1510.8,538
3,1.0,2022-12-03,Fausto,Caja, ,188.15,10,250.0,1881.5,571
4,2.0,2022-12-03,Fausto,Caja Azul, ,208.34,8,320.0,1666.72,497
5,2.0,2022-12-03,Fausto,Caja Azul, ,208.34,8,320.0,1666.72,517
6,3.0,2022-12-03,Fausto,Caja Azul, ,325.0,12,420.0,3900.0,122
7,4.0,2022-12-04,Fausto,Ahorros,LogIn,1.0,5000,1.0,5000.0,85
8,5.0,2022-12-04,Fausto,Ahorros,Mi Recarga,1.0,5000,1.0,5000.0,85
9,6.0,2022-12-05,Fausto,Caja Azul, ,907.08,12,1300.0,10884.96,60
10,7.0,2022-12-05,Fausto,Caja, ,461.0,3,560.0,1383.0,1047
11,7.0,2022-12-05,Fausto,Caja, ,315.38,3,380.0,946.14,1050
12,7.0,2022-12-05,Fausto,Caja, ,161.53,3,200.0,484.59,1049
13,8.0,2022-12-06,Fausto,Caja Azul, ,160.0,6,200.0,960.0,262
14,9.0,2022-12-06,Fausto,Caja Azul, ,160.0,6,220.0,160.0,263
15,10.0,2022-12-06,Fausto,Caja Azul, ,160.0,6,220.0,960.0,264
16,11.0,2022-12-06,Fausto,Caja Azul, ,250.0,10,300.0,2500.0,208
17,11.0,2022-12-06,Fausto,Caja Azul, ,390.0,10,450.0,3900.0,220
18,11.0,2022-12-06,Fausto,Caja Azul, ,430.0,10,530.0,4300.0,209
19,11.0,2022-12-06,Fausto,Caja Azul, ,72.5,6,100.0,435.0,542
20,12.0,2022-12-07,Fausto,Caja Azul, ,400.0,6,540.0,2400.0,1180
21,13.0,2022-12-07,Fausto,Caja Azul, ,122.33,18,170.0,2201.94,30
22,14.0,2022-12-07,Fausto,Caja Azul, ,230.65,24,300.0,5535.6,108
23,15.0,2022-12-07,Fausto,Caja Azul, ,202.41,7,300.0,1416.87,410
24,15.0,2022-12-07,Fausto,Caja Azul, ,245.17,7,320.0,1716.19,464
25,15.0,2022-12-07,Fausto,Caja Azul, ,23.36,50,60.0,1168.0,572
26,16.0,2022-12-07,Marisa y Kuky,Caja Azul, ,150.0,48,240.0,7200.0,109
27,16.0,2022-12-07,Marisa y Kuky,Kuky y Marisa, ,12.5,48,20.0,600.0,781
28,16.0,2022-12-07,Marisa y Kuky,Kuky y Marisa, ,17.57,36,25.0,632.52,778
29,16.0,2022-12-07,Marisa y Kuky,Kuky y Marisa, ,150.0,5,230.0,750.0,339
30,16.0,2022-12-07,Marisa y Kuky,Kuky y Marisa, ,150.0,5,230.0,750.0,340
31,16.0,2022-12-07,Marisa y Kuky,Kuky y Marisa, ,50.0,6,100.0,300.0,810
32,16.0,2022-12-07,Marisa y Kuky,Kuky y Marisa, ,50.0,6,100.0,300.0,809
33,16.0,2022-12-07,Marisa y Kuky,Kuky y Marisa, ,329.99,5,450.0,1649.95,801
34,16.0,2022-12-07,Marisa y Kuky,Kuky y Marisa, ,200.0,3,280.0,600.0,854
35,16.0,2022-12-07,Marisa y Kuky,Kuky y Marisa, ,125.0,8,230.0,1000.0,444
36,16.0,2022-12-07,Marisa y Kuky,Kuky y Marisa, ,160.5,24,240.0,3852.0,114
37,16.0,2022-12-07,Marisa y Kuky,Kuky y Marisa, ,150.0,48,240.0,7200.0,112
38,16.0,2022-12-07,Marisa y Kuky,Kuky y Marisa, ,160.5,48,220.0,7704.0,129
39,16.0,2022-12-07,Marisa y Kuky,Kuky y Marisa, ,66.67,9,100.0,600.03,1146
40,16.0,2022-12-07,Marisa y Kuky,Kuky y Marisa, ,200.0,6,280.0,1200.0,500
41,16.0,2022-12-07,Marisa y Kuky,Kuky y Marisa, ,100.0,15,200.0,1500.0,951
42,16.0,2022-12-07,Marisa y Kuky,Kuky y Marisa, ,200.0,2,350.0,400.0,303
43,16.0,2022-12-07,Marisa y Kuky,Kuky y Marisa, ,227.76,2,350.0,455.52,304
44,16.0,2022-12-07,Marisa y Kuky,Kuky y Marisa, ,247.99,2,350.0,495.98,336
45,16.0,2022-12-07,Marisa y Kuky,Caja, ,30.39,18,60.0,547.02,602
46,16.0,2022-12-07,Marisa y Kuky,Caja, ,30.39,18,60.0,547.02,613
47,16.0,2022-12-07,Marisa y Kuky,Caja, ,30.39,18,60.0,547.02,604
48,16.0,2022-12-07,Marisa y Kuky,Caja, ,30.39,18,60.0,547.02,603
49,16.0,2022-12-07,Marisa y Kuky,Caja, ,30.39,18,60.0,547.02,609
50,16.0,2022-12-07,Marisa y Kuky,Caja, ,18.0,36,25.0,648.0,778
51,16.0,2022-12-07,Marisa y Kuky,Caja, ,13.0,48,20.0,624.0,781
52,16.0,2022-12-07,Marisa y Kuky,Caja, ,324.74,12,420.0,3896.88,488
53,17.0,2022-12-08,Marisa y Kuky,Caja, ,157.62,10,220.0,1576.2,650
54,17.0,2022-12-08,Marisa y Kuky,Caja, ,280.74,5,380.0,1403.7,972
55,18.0,2022-12-08,Fausto,Caja Azul, ,0.0,6,230.0,0.0,86
56,18.0,2022-12-08,Fausto,Caja Azul, ,175.45,6,220.0,1052.7,129
57,18.0,2022-12-08,Fausto,Caja Azul, ,199.37,6,240.0,1196.22,109
58,18.0,2022-12-08,Fausto,Caja Azul, ,223.3,6,240.0,1339.8,114
59,18.0,2022-12-08,Fausto,Caja Azul, ,166.67,6,220.0,1000.02,490
60,19.0,2022-12-08,Fausto,Caja, ,0.0,20,10.0,0.0,231
61,20.0,2022-12-08,Fausto,Caja Azul,Mi Recarga,1.0,5000,1.0,0.0,85
62,21.0,2022-12-08,Fausto,Caja, ,0.0,20,10.0,0.0,231
63,22.0,2022-12-09,Fausto,Caja, ,108.0,20,150.0,2160.0,225
64,22.0,2022-12-09,Fausto,Caja, ,157.0,20,200.0,3140.0,217
65,22.0,2022-12-09,Fausto,Caja, ,430.0,10,480.0,4300.0,219
66,22.0,2022-12-09,Fausto,Caja, ,440.0,10,500.0,4400.0,216
67,22.0,2022-12-09,Fausto,Caja, ,72.5,4,100.0,290.0,542
68,23.0,2022-12-10,Fausto,Caja, ,1394.19,12,1700.0,16730.28,61
69,24.0,2022-12-10,Marisa y Kuky,Caja Azul, ,73.8,25,140.0,1845.0,1128
70,25.0,2022-12-10,Marisa y Kuky,Caja Azul, ,507.32,8,600.0,4058.56,957
71,26.0,2022-12-10,Marisa y Kuky,Caja, ,250.0,8,320.0,2000.0,492
72,27.0,2022-12-10,Marisa y Kuky,Caja, ,175.45,6,220.0,1052.7,129
73,27.0,2022-12-10,Marisa y Kuky,Caja, ,199.37,6,240.0,1196.22,109
74,27.0,2022-12-10,Marisa y Kuky,Caja, ,0.0,6,230.0,0.0,86
76,28.0,2022-12-11,Marisa y Kuky,Kuky y Marisa, ,39.0,15,80.0,585.0,711
77,29.0,2022-12-11,Marisa y Kuky,Kuky y Marisa, ,30.0,36,50.0,1080.0,354
78,29.0,2022-12-11,Marisa y Kuky,Kuky y Marisa, ,39.0,15,80.0,585.0,711
79,29.0,2022-12-11,Marisa y Kuky,Kuky y Marisa, ,480.0,7,650.0,3360.0,1133
80,29.0,2022-12-11,Marisa y Kuky,Kuky y Marisa, ,380.0,6,500.0,2280.0,1102
81,29.0,2022-12-11,Marisa y Kuky,Kuky y Marisa, ,190.0,12,350.0,2280.0,1134
83,29.0,2022-12-11,Marisa y Kuky,Kuky y Marisa, ,180.0,5,350.0,900.0,1152
84,29.0,2022-12-11,Marisa y Kuky,Kuky y Marisa, ,38.0,20,50.0,760.0,732
85,29.0,2022-12-11,Marisa y Kuky,Kuky y Marisa, ,120.0,5,200.0,600.0,1149
86,29.0,2022-12-11,Marisa y Kuky,Kuky y Marisa, ,69.0,1,130.0,69.0,373
87,30.0,2022-12-11,Marisa y Kuky,Caja, ,270.0,5,380.0,1350.0,1095
88,30.0,2022-12-11,Marisa y Kuky,Caja, ,198.0,5,350.0,990.0,314
89,30.0,2022-12-11,Marisa y Kuky,Caja, ,89.0,3,250.0,267.0,316
90,30.0,2022-12-11,Marisa y Kuky,Caja, ,89.0,2,250.0,178.0,315
91,30.0,2022-12-11,Marisa y Kuky,Caja, ,409.0,100,10.0,40900.0,1010
92,30.0,2022-12-11,Marisa y Kuky,Caja,LogIn,1.0,5000,1.0,5000.0,85
93,30.0,2022-12-11,Marisa y Kuky,Caja,Mi Recarga,1.0,5000,1.0,5000.0,85
94,31.0,2022-12-11,Marisa y Kuky,Kuky y Marisa, ,250.0,12,350.0,3000.0,628
95,32.0,2022-12-12,Marisa y Kuky,Kuky y Marisa, ,132.99,5,230.0,664.95,444
96,32.0,2022-12-12,Marisa y Kuky,Kuky y Marisa, ,132.99,6,230.0,797.94,441
97,32.0,2022-12-12,Marisa y Kuky,Kuky y Marisa, ,150.0,6,220.0,900.0,157
98,32.0,2022-12-12,Marisa y Kuky,Kuky y Marisa, ,150.0,48,230.0,7200.0,92
99,32.0,2022-12-12,Marisa y Kuky,Kuky y Marisa, ,69.75,20,100.0,1395.0,875
100,33.0,2022-12-12,Marisa y Kuky,Kuky y Marisa, ,114.99,12,200.0,1379.88,242
101,34.0,2022-12-12,Marisa y Kuky,Caja Azul, ,148.45,48,220.0,7125.6,86
102,35.0,2022-12-12,Marisa y Kuky,Caja Azul, ,101.56,18,150.0,1828.08,5
103,35.0,2022-12-12,Marisa y Kuky,Caja Azul, ,62.5,18,100.0,1125.0,1076
104,35.0,2022-12-12,Marisa y Kuky,Caja Azul, ,234.38,8,320.0,1875.04,510
105,36.0,2022-12-13,Marisa y Kuky,Caja Azul, ,260.0,12,350.0,3120.0,46
106,36.0,2022-12-13,Marisa y Kuky,Caja Azul, ,260.0,12,350.0,3120.0,42
107,37.0,2022-12-14,Fausto,Caja, ,230.64,72,320.0,16606.08,108
108,37.0,2022-12-14,Fausto,Caja, ,26.43,18,60.0,475.74,601
109,37.0,2022-12-14,Fausto,Caja, ,26.43,18,60.0,475.74,599
110,37.0,2022-12-14,Fausto,Caja, ,23.42,48,30.0,1124.16,556
111,37.0,2022-12-14,Fausto,Caja, ,13.69,50,20.0,684.5,535
112,38.0,2022-12-14,Fausto,Caja, ,115.0,20,180.0,2300.0,857
113,38.0,2022-12-14,Fausto,Caja, ,212.5,12,280.0,2550.0,852
114,39.0,2022-12-14,Fausto,Caja Azul,Mi Recarga,1.0,5000,1.0,0.0,85
115,40.0,2022-12-15,Fausto,Caja Azul, ,182.0,12,100.0,2184.0,10
116,40.0,2022-12-15,Fausto,Caja Azul, ,182.0,12,220.0,2184.0,9
117,40.0,2022-12-15,Fausto,Caja Azul, ,252.0,12,380.0,3024.0,595
118,41.0,2022-12-15,Fausto,Caja Azul, ,234.38,4,320.0,937.52,512
119,41.0,2022-12-15,Fausto,Caja Azul, ,234.38,4,320.0,937.52,504
120,41.0,2022-12-15,Fausto,Caja Azul, ,234.38,4,320.0,937.52,508
121,42.0,2022-12-16,Marisa y Kuky,Caja Azul,Pin Web,1.0,5000,1.0,5000.0,85
122,43.0,2022-12-16,Fausto,Caja Azul, ,143.76,5,200.0,718.8,653
123,43.0,2022-12-16,Fausto,Caja Azul, ,244.98,5,330.0,1224.9,658
124,43.0,2022-12-16,Fausto,Caja Azul, ,249.3,5,350.0,1246.5,621
125,44.0,2022-12-16,Fausto,Caja Azul,Claro,1.0,2000,1.0,1.0,85
126,45.0,2022-12-16,Marisa y Kuky,Caja Azul, ,295.83,24,420.0,7099.92,122
127,46.0,2022-12-16,Marisa y Kuky,Caja Azul, ,250.0,10,300.0,2500.0,206
128,46.0,2022-12-16,Marisa y Kuky,Caja Azul, ,490.0,10,530.0,4900.0,214
129,46.0,2022-12-16,Marisa y Kuky,Caja Azul, ,250.0,10,300.0,2500.0,221
130,46.0,2022-12-16,Marisa y Kuky,Caja Azul, ,390.0,10,450.0,3900.0,220
131,47.0,2022-12-16,Marisa y Kuky,Caja Azul, ,72.5,8,100.0,580.0,542
132,48.0,2022-12-17,Marisa y Kuky,Caja,Mi Recarga,1.0,5000,1.0,5000.0,85
133,49.0,2022-12-17,Marisa y Kuky,Caja Azul, ,129.55,12,150.0,1554.6,396
134,49.0,2022-12-17,Marisa y Kuky,Caja Azul, ,129.55,12,150.0,1554.6,403
135,49.0,2022-12-17,Marisa y Kuky,Caja Azul, ,263.88,10,350.0,2638.8,469
136,49.0,2022-12-17,Marisa y Kuky,Caja Azul, ,74.2,25,100.0,1855.0,1112
137,50.0,2022-12-17,Marisa y Kuky,Kuky y Marisa, ,120.0,10,200.0,1200.0,1149
139,50.0,2022-12-17,Marisa y Kuky,Kuky y Marisa, ,150.0,5,250.0,750.0,1104
140,50.0,2022-12-17,Marisa y Kuky,Kuky y Marisa, ,65.0,50,100.0,3250.0,1113
141,50.0,2022-12-17,Marisa y Kuky,Kuky y Marisa, ,480.0,4,650.0,1920.0,1133
142,50.0,2022-12-17,Marisa y Kuky,Kuky y Marisa, ,220.0,10,300.0,2200.0,1142
143,50.0,2022-12-17,Marisa y Kuky,Kuky y Marisa, ,490.0,5,670.0,2450.0,1025
145,50.0,2022-12-17,Marisa y Kuky,Kuky y Marisa, ,690.0,4,950.0,2760.0,985
146,50.0,2022-12-17,Marisa y Kuky,Kuky y Marisa, ,120.0,10,200.0,1200.0,1106
147,51.0,2022-12-17,Marisa y Kuky,Caja Azul, ,300.0,18,420.0,5400.0,488
148,51.0,2022-12-17,Marisa y Kuky,Caja Azul, ,150.0,10,240.0,1500.0,222
149,51.0,2022-12-17,Marisa y Kuky,Caja Azul, ,300.0,6,420.0,1800.0,494
150,51.0,2022-12-17,Marisa y Kuky,Caja Azul, ,300.0,12,420.0,3600.0,514
153,54.0,2022-12-19,Marisa y Kuky,Caja Azul, ,430.0,10,500.0,4300.0,209
154,54.0,2022-12-19,Marisa y Kuky,Caja Azul, ,440.0,10,500.0,4400.0,216
155,54.0,2022-12-19,Marisa y Kuky,Caja Azul, ,430.0,10,500.0,4300.0,213
156,54.0,2022-12-19,Marisa y Kuky,Caja Azul, ,390.0,10,450.0,3900.0,220
157,54.0,2022-12-19,Marisa y Kuky,Caja Azul, ,390.0,10,450.0,3900.0,210
158,54.0,2022-12-19,Marisa y Kuky,Caja Azul, ,72.5,2,100.0,145.0,542
159,55.0,2022-12-19,Fausto,Caja, ,19.84,90,50.0,1785.6,355
160,55.0,2022-12-19,Fausto,Caja, ,118.6,15,160.0,1779.0,901
161,55.0,2022-12-19,Fausto,Caja, ,161.53,3,200.0,484.59,1029
162,55.0,2022-12-19,Fausto,Caja, ,177.0,3,200.0,531.0,1043
163,55.0,2022-12-19,Fausto,Caja, ,161.53,3,200.0,484.59,1049
164,55.0,2022-12-19,Fausto,Caja, ,315.39,3,400.0,946.17,1050
165,56.0,2022-12-19,Fausto,Caja, ,120.53,42,200.0,5062.26,1084
167,57.0,2022-12-20,Fausto,Caja, ,190.0,2,140.0,380.0,40
168,58.0,2022-12-20,Fausto,Caja Azul, ,166.66,12,220.0,1999.92,490
169,58.0,2022-12-20,Fausto,Caja Azul, ,141.66,12,300.0,1699.92,9
170,59.0,2022-12-20,Fausto,Caja, ,0.0,20,10.0,0.0,231
171,60.0,2022-12-20,Fausto,Caja, ,222.86,14,350.0,3120.04,42
172,60.0,2022-12-20,Fausto,Caja, ,222.86,14,350.0,3120.04,46
173,61.0,2022-12-20,Fausto,Caja, ,133.0,10,200.0,1330.0,202
174,61.0,2022-12-20,Fausto,Caja, ,99.0,10,150.0,990.0,203
175,61.0,2022-12-20,Fausto,Caja, ,95.0,10,150.0,950.0,201
176,62.0,2022-12-21,Fausto,Caja Azul, ,140.0,12,200.0,1680.0,27
177,62.0,2022-12-21,Fausto,Caja Azul, ,140.0,12,200.0,1680.0,30
178,62.0,2022-12-21,Fausto,Caja Azul, ,154.99,7,230.0,1084.93,432
179,62.0,2022-12-21,Fausto,Caja Azul, ,249.17,6,350.0,1495.02,902
180,63.0,2022-12-21,Fausto,Caja, ,0.0,20,10.0,0.0,231
181,64.0,2022-12-21,Fausto,Caja, ,35.35,20,80.0,707.0,560
182,64.0,2022-12-21,Fausto,Caja, ,35.35,20,80.0,707.0,562
183,64.0,2022-12-21,Fausto,Caja, ,74.15,16,100.0,1186.4,565
184,64.0,2022-12-21,Fausto,Caja, ,267.24,7,320.0,1870.68,464
186,66.0,2022-12-22,Fausto,Caja, ,233.33,6,320.0,1399.98,260
187,66.0,2022-12-22,Fausto,Caja, ,233.33,6,320.0,1399.98,256
188,66.0,2022-12-22,Fausto,Caja, ,125.0,24,100.0,3000.0,10
189,66.0,2022-12-22,Fausto,Caja, ,280.0,8,380.0,2240.0,595
190,67.0,2022-12-22,Fausto,Caja, ,406.85,6,500.0,2441.1,1188
191,67.0,2022-12-22,Fausto,Caja, ,270.0,6,400.0,1620.0,1193
193,69.0,2022-12-23,Marisa y Kuky,Kuky y Marisa, ,100.0,13,400.0,1300.0,1123
194,70.0,2022-12-23,Marisa y Kuky,Caja, ,95.0,20,150.0,1900.0,201
195,71.0,2022-12-23,Marisa y Kuky,Kuky y Marisa, ,139.16,10,250.0,1391.6,569
196,71.0,2022-12-23,Marisa y Kuky,Kuky y Marisa, ,135.47,12,200.0,1625.64,347
197,71.0,2022-12-23,Marisa y Kuky,Kuky y Marisa, ,156.35,12,220.0,1876.2,348
198,72.0,2022-12-24,Fausto,Caja Azul, ,310.0,12,420.0,3720.0,122
199,72.0,2022-12-24,Fausto,Caja Azul, ,320.0,18,420.0,5760.0,488
200,72.0,2022-12-24,Fausto,Caja Azul, ,250.0,16,350.0,4000.0,492
201,73.0,2022-12-24,Fausto,Caja Azul, ,610.0,12,850.0,7320.0,274
202,73.0,2022-12-24,Fausto,Caja Azul, ,610.0,625,850.0,381250.0,284
203,73.0,2022-12-24,Fausto,Caja Azul, ,583.33,6,800.0,3499.98,1156
204,74.0,2022-12-25,Fausto,Caja, ,158.33,72,250.0,11399.76,123
205,75.0,2022-12-26,Fausto,Caja Azul, ,280.0,10,350.0,2800.0,212
206,75.0,2022-12-26,Fausto,Caja Azul, ,430.0,10,500.0,4300.0,209
207,75.0,2022-12-26,Fausto,Caja Azul, ,250.0,10,300.0,2500.0,221
208,75.0,2022-12-26,Fausto,Caja Azul, ,390.0,10,450.0,3900.0,220
209,75.0,2022-12-26,Fausto,Caja Azul, ,250.0,10,300.0,2500.0,218
210,75.0,2022-12-26,Fausto,Caja Azul, ,250.0,10,300.0,2500.0,208
211,75.0,2022-12-26,Fausto,Caja Azul, ,72.5,14,100.0,1015.0,543
212,75.0,2022-12-26,Fausto,Caja Azul, ,430.0,10,500.0,4300.0,219
213,76.0,2022-12-26,Fausto,Caja Azul, ,223.31,5,300.0,1116.55,1061
214,76.0,2022-12-26,Fausto,Caja Azul, ,223.31,5,300.0,1116.55,1060
215,76.0,2022-12-26,Fausto,Caja Azul, ,223.31,5,300.0,1116.55,1057
216,76.0,2022-12-26,Fausto,Caja Azul, ,234.37,4,330.0,937.48,510
217,76.0,2022-12-26,Fausto,Caja Azul, ,223.31,5,300.0,1116.55,1064
219,78.0,2022-12-26,Fausto,Caja, ,2.3,800,5.0,1840.0,526
220,78.0,2022-12-26,Fausto,Caja, ,5.02,300,10.0,1506.0,525
221,79.0,2022-12-27,Fausto,Caja Azul, ,160.0,30,220.0,4800.0,217
222,79.0,2022-12-27,Fausto,Caja Azul, ,316.67,18,450.0,5700.06,488
223,79.0,2022-12-27,Fausto,Caja Azul, ,316.67,12,450.0,3800.04,514
225,81.0,2022-12-28,Fausto,Caja, ,77.44,6,100.0,464.64,456
226,81.0,2022-12-28,Fausto,Caja, ,77.44,6,100.0,464.64,458
227,81.0,2022-12-28,Fausto,Caja, ,77.44,6,100.0,464.64,455
228,81.0,2022-12-28,Fausto,Caja, ,57.95,12,100.0,695.4,548
229,81.0,2022-12-28,Fausto,Caja, ,35.92,20,80.0,718.4,568
230,82.0,2022-12-28,Fausto,Caja Azul, ,575.83,6,800.0,3454.98,1161
231,82.0,2022-12-28,Fausto,Caja Azul, ,233.37,16,300.0,3733.92,590
232,82.0,2022-12-28,Fausto,Caja Azul, ,147.66,6,200.0,885.96,30
234,84.0,2022-12-29,Fausto,Caja Azul, ,250.0,24,350.0,6000.0,492
235,85.0,2022-12-30,Fausto,Caja Azul, ,150.0,1,240.0,150.0,254
236,85.0,2022-12-30,Fausto,Caja Azul, ,150.0,6,300.0,900.0,245
237,85.0,2022-12-30,Fausto,Caja Azul, ,150.0,6,300.0,900.0,250
238,86.0,2022-12-30,Fausto,Kuky y Marisa, ,250.0,2,450.0,500.0,132
239,86.0,2022-12-30,Fausto,Kuky y Marisa, ,250.0,24,450.0,6000.0,130
240,86.0,2022-12-30,Fausto,Kuky y Marisa, ,167.25,48,230.0,8028.0,129
241,86.0,2022-12-30,Fausto,Kuky y Marisa, ,255.0,48,350.0,12240.0,108
242,87.0,2022-12-30,Fausto,Kuky y Marisa, ,115.66,18,100.0,2081.88,1146
243,87.0,2022-12-30,Fausto,Kuky y Marisa, ,55.0,36,100.0,1980.0,873
244,87.0,2022-12-30,Fausto,Kuky y Marisa, ,409.99,3,550.0,409.99,745
245,88.0,2022-12-30,Fausto,Caja Azul, ,417.58,6,550.0,2505.48,1173
246,88.0,2022-12-30,Fausto,Caja Azul, ,386.4,1,500.0,386.4,1172
247,88.0,2022-12-30,Fausto,Caja Azul, ,234.38,8,330.0,1875.04,504
248,88.0,2022-12-30,Fausto,Caja Azul, ,234.38,8,330.0,1875.04,508
249,88.0,2022-12-30,Fausto,Caja Azul, ,234.38,8,330.0,1875.04,510
250,88.0,2022-12-30,Fausto,Caja Azul, ,386.4,6,500.0,2318.4,1169
251,89.0,2022-12-30,Fausto,Caja, ,308.72,1,450.0,308.72,371
252,89.0,2022-12-30,Fausto,Caja, ,308.72,2,450.0,617.44,362
253,89.0,2022-12-30,Fausto,Caja, ,308.72,1,450.0,308.72,361
254,89.0,2022-12-30,Fausto,Caja, ,308.72,2,450.0,617.44,366
255,89.0,2022-12-30,Fausto,Caja, ,308.72,2,450.0,617.44,368
256,89.0,2022-12-30,Fausto,Caja, ,308.72,2,450.0,617.44,367
257,89.0,2022-12-30,Fausto,Caja, ,308.72,1,450.0,308.72,360
258,89.0,2022-12-30,Fausto,Caja, ,308.72,1,450.0,308.72,370
259,89.0,2022-12-30,Fausto,Caja Azul, ,60.2,24,100.0,1444.8,179
260,90.0,2022-12-30,Fausto,Caja Azul, ,885.0,6,1150.0,5310.0,1183
261,91.0,2022-12-30,Fausto,Caja Azul, ,27.49,40,30.0,1099.6,776
262,91.0,2022-12-30,Fausto,Caja Azul, ,26.39,40,30.0,1055.6,774
263,91.0,2022-12-30,Fausto,Caja Azul, ,679.0,6,800.0,4074.0,1156
264,91.0,2022-12-30,Fausto,Caja Azul, ,555.0,6,700.0,3330.0,1162
265,91.0,2022-12-30,Fausto,Caja Azul, ,699.0,12,900.0,8388.0,48
266,91.0,2022-12-30,Fausto,Caja Azul, ,574.8,6,750.0,3448.8,278
267,91.0,2022-12-30,Fausto,Caja Azul, ,129.0,24,220.0,3096.0,635
268,92.0,2022-12-30,Fausto,Caja, ,83.93,30,150.0,2517.9,290
269,92.0,2022-12-30,Fausto,Caja, ,52.1,1,100.0,52.1,387
270,93.0,2022-12-31,Fausto,Kuky y Marisa, ,74.92,20,40.0,1498.4,374
271,93.0,2022-12-31,Fausto,Kuky y Marisa, ,86.29,20,120.0,1725.8,300
272,94.0,2022-12-31,Fausto,Caja Azul, ,390.0,10,450.0,3900.0,220
273,94.0,2022-12-31,Fausto,Caja Azul, ,490.0,10,550.0,4900.0,214
274,94.0,2022-12-31,Fausto,Caja Azul, ,430.0,10,500.0,4300.0,213
275,94.0,2022-12-31,Fausto,Caja Azul, ,97.5,3,130.0,292.5,547
276,94.0,2022-12-31,Fausto,Caja Azul, ,97.5,5,130.0,487.5,550
277,95.0,2022-12-31,Fausto,Caja Azul, ,170.0,15,300.0,2550.0,575
278,96.0,2022-12-31,Fausto,Caja Azul, ,322.92,18,450.0,5812.56,488
279,96.0,2022-12-31,Fausto,Caja Azul, ,322.92,6,450.0,1937.52,494
280,96.0,2022-12-31,Fausto,Caja Azul, ,600.0,12,550.0,7200.0,283
281,97.0,2023-01-01,Fausto,Caja Azul, ,97.5,6,130.0,585.0,550
282,97.0,2023-01-01,Fausto,Caja Azul, ,320.0,10,380.0,3200.0,200
283,97.0,2023-01-01,Fausto,Caja Azul, ,250.0,10,300.0,2500.0,208
284,97.0,2023-01-01,Fausto,Caja Azul, ,250.0,1,300.0,250.0,221
287,100.0,2023-01-02,Fausto,Caja Azul, ,55.0,3,80.0,165.0,154
288,100.0,2023-01-02,Fausto,Caja Azul, ,55.0,3,80.0,165.0,155
289,100.0,2023-01-02,Fausto,Caja Azul, ,430.0,10,500.0,4300.0,209
290,100.0,2023-01-02,Fausto,Caja Azul, ,440.0,10,500.0,4400.0,216
291,100.0,2023-01-02,Fausto,Caja Azul, ,390.0,10,450.0,3900.0,220
292,101.0,2023-01-03,Marisa y Kuky,Caja,Log In,1.0,5000,1.0,5000.0,85
293,102.0,2023-01-04,Fausto,Caja Azul, ,130.59,5,180.0,652.95,462
294,102.0,2023-01-04,Fausto,Caja Azul, ,130.59,5,180.0,652.95,454
295,102.0,2023-01-04,Fausto,Caja Azul, ,130.59,5,180.0,652.95,430
296,102.0,2023-01-04,Fausto,Caja Azul, ,77.12,16,100.0,1233.92,565
297,103.0,2023-01-05,Fausto,Caja, ,78.12,6,100.0,468.72,507
298,103.0,2023-01-05,Fausto,Caja, ,250.0,4,330.0,1000.0,510
299,104.0,2023-01-05,Fausto,Caja Azul, ,166.66,6,220.0,999.96,496
300,104.0,2023-01-05,Fausto,Caja Azul, ,166.66,6,220.0,999.96,516
301,104.0,2023-01-05,Fausto,Caja Azul, ,166.66,24,220.0,3999.84,490
302,105.0,2023-01-05,Fausto,Caja Azul, ,390.0,6,450.0,2340.0,210
303,105.0,2023-01-05,Fausto,Caja Azul, ,280.0,6,350.0,1680.0,198
304,105.0,2023-01-05,Fausto,Caja Azul, ,176.0,17,250.0,2992.0,359
305,105.0,2023-01-05,Fausto,Caja Azul, ,250.0,6,300.0,1500.0,208
306,105.0,2023-01-05,Fausto,Caja Azul, ,430.0,10,500.0,4300.0,209
307,105.0,2023-01-05,Fausto,Caja Azul, ,250.0,6,300.0,1500.0,206
309,106.0,2023-01-06,Fausto,Caja Azul,Log In,1.0,5000,1.0,5000.0,85
311,108.0,2023-01-07,Fausto,Caja Azul, ,68.98,24,100.0,1655.52,180
312,108.0,2023-01-07,Fausto,Caja Azul, ,330.77,2,450.0,661.54,366
313,108.0,2023-01-07,Fausto,Caja Azul, ,330.77,1,450.0,330.77,371
314,108.0,2023-01-07,Fausto,Caja Azul, ,330.77,2,450.0,661.54,367
315,108.0,2023-01-07,Fausto,Caja Azul, ,330.77,1,450.0,330.77,362
316,108.0,2023-01-07,Fausto,Caja Azul, ,330.77,2,450.0,661.54,370
317,108.0,2023-01-07,Fausto,Caja Azul, ,330.77,1,450.0,330.77,361
318,108.0,2023-01-07,Fausto,Caja Azul, ,330.77,2,450.0,661.54,368
319,108.0,2023-01-07,Fausto,Caja Azul, ,330.77,1,450.0,330.77,360
320,109.0,2023-01-07,Fausto,Caja, ,202.08,24,240.0,4849.92,109
321,109.0,2023-01-07,Fausto,Caja, ,331.5,18,450.0,5967.0,488
322,110.0,2023-01-08,Fausto,Caja Azul,Log In,1.0,5000,1.0,5000.0,85
323,111.0,2023-01-09,Marisa y Kuky,Caja Azul, ,93.33,9,130.0,839.97,1041
324,111.0,2023-01-09,Marisa y Kuky,Caja Azul, ,93.33,3,130.0,279.99,1055
325,111.0,2023-01-09,Marisa y Kuky,Caja Azul, ,440.0,20,450.0,8800.0,220
326,111.0,2023-01-09,Marisa y Kuky,Caja Azul, ,290.0,20,350.0,5800.0,215
327,112.0,2023-01-09,Fausto,Caja, ,192.3,3,250.0,576.9,1043
328,112.0,2023-01-09,Fausto,Caja, ,384.61,3,500.0,1153.83,1044
329,112.0,2023-01-09,Fausto,Caja, ,353.84,3,450.0,1061.52,1050
330,112.0,2023-01-09,Fausto,Caja, ,515.38,3,650.0,1546.14,1047
331,112.0,2023-01-09,Fausto,Caja, ,176.92,3,250.0,530.76,1049
332,112.0,2023-01-09,Fausto,Caja, ,58.1,48,100.0,2788.8,320
333,113.0,2023-01-09,Fausto,Caja, ,584.5,6,700.0,3507.0,1163
334,114.0,2023-01-09,Marisa y Kuky,Caja Azul, ,82.47,12,150.0,989.64,1140
335,114.0,2023-01-09,Marisa y Kuky,Caja Azul, ,177.99,10,230.0,1779.9,1139
336,114.0,2023-01-09,Marisa y Kuky,Caja Azul, ,144.99,10,200.0,1449.9,1138
337,114.0,2023-01-09,Marisa y Kuky,Caja Azul, ,119.9,6,200.0,719.4,412
338,114.0,2023-01-09,Marisa y Kuky,Caja Azul, ,98.46,5,150.0,492.3,880
339,114.0,2023-01-09,Marisa y Kuky,Caja Azul, ,79.9,5,180.0,399.5,397
340,114.0,2023-01-09,Marisa y Kuky,Caja Azul, ,88.5,5,150.0,442.5,894
341,114.0,2023-01-09,Marisa y Kuky,Caja Azul, ,64.9,5,100.0,324.5,838
342,114.0,2023-01-09,Marisa y Kuky,Caja Azul, ,15.7,40,25.0,628.0,1092
343,115.0,2023-01-09,Marisa y Kuky,Caja Azul, ,43.3,12,80.0,519.6,335
344,115.0,2023-01-09,Marisa y Kuky,Caja Azul, ,74.62,16,150.0,1193.92,567
345,115.0,2023-01-09,Marisa y Kuky,Caja Azul, ,74.62,16,150.0,1193.92,563
346,115.0,2023-01-09,Marisa y Kuky,Caja Azul, ,295.0,4,400.0,1180.0,597
347,116.0,2023-01-09,Marisa y Kuky,Caja Azul, ,200.0,3,300.0,600.0,1087
348,117.0,2023-01-10,Fausto,Caja Azul, ,248.57,14,350.0,3479.98,42
349,117.0,2023-01-10,Fausto,Caja Azul, ,248.57,14,350.0,3479.98,46
350,117.0,2023-01-10,Fausto,Caja Azul, ,248.57,14,350.0,3479.98,39
351,118.0,2023-01-11,Fausto,Caja Azul, ,340.0,5,450.0,1700.0,936
352,118.0,2023-01-11,Fausto,Caja Azul, ,74.73,19,100.0,1419.87,585
353,118.0,2023-01-11,Fausto,Caja Azul, ,74.73,19,100.0,1419.87,591
354,119.0,2023-01-12,Fausto,Caja, ,250.34,5,350.0,1251.7,658
355,119.0,2023-01-12,Fausto,Caja, ,183.27,10,250.0,1832.7,650
356,119.0,2023-01-12,Fausto,Caja, ,250.0,1,330.0,250.0,503
357,119.0,2023-01-12,Fausto,Caja, ,250.0,8,330.0,2000.0,508
358,119.0,2023-01-12,Fausto,Caja, ,250.0,8,330.0,2000.0,510
359,119.0,2023-01-12,Fausto,Caja, ,250.0,8,330.0,2000.0,506
360,120.0,2023-01-13,Fausto,Caja Azul, ,138.66,24,130.0,3327.84,501
361,120.0,2023-01-13,Fausto,Caja Azul, ,0.0,6,250.0,0.0,92
362,121.0,2023-01-13,Marisa y Kuky,Caja Azul,Log In,154.17,24,220.0,3700.08,113
363,121.0,2023-01-13,Marisa y Kuky,Caja Azul,Log In,154.17,24,250.0,3700.08,123
364,121.0,2023-01-13,Marisa y Kuky,Caja Azul,Log In,1.0,5000,1.0,5000.0,85
365,122.0,2023-01-14,Marisa y Kuky,Kuky y Marisa, ,53.79,40,80.0,2151.6,187
366,123.0,2023-01-15,Marisa y Kuky,Caja Azul,Log In,1.0,15000,1.0,15000.0,85
367,124.0,2023-01-16,Marisa y Kuky,Caja Azul, ,133.92,42,230.0,5624.64,1084
368,124.0,2023-01-16,Marisa y Kuky,Caja Azul, ,250.0,8,330.0,2000.0,504
369,124.0,2023-01-16,Marisa y Kuky,Caja Azul, ,293.12,96,450.0,28139.52,115
370,125.0,2023-01-16,Fausto,Kuky y Marisa, ,115.0,24,120.0,2760.0,242
371,126.0,2023-01-17,Marisa y Kuky,Caja, ,195.0,4,250.0,780.0,557
372,127.0,2023-01-17,Fausto,Caja Azul, ,320.0,10,380.0,3200.0,212
373,127.0,2023-01-17,Fausto,Caja Azul, ,490.0,10,570.0,4900.0,213
374,127.0,2023-01-17,Fausto,Caja Azul, ,550.0,10,630.0,5500.0,214
375,127.0,2023-01-17,Fausto,Caja Azul, ,500.0,7,580.0,3500.0,216
376,127.0,2023-01-17,Fausto,Caja Azul, ,290.0,10,350.0,2900.0,215
377,128.0,2023-01-17,Fausto,Caja Azul, ,195.21,5,300.0,976.05,787
378,128.0,2023-01-17,Fausto,Caja Azul, ,199.0,4,300.0,796.0,852
379,128.0,2023-01-17,Fausto,Caja Azul, ,308.9,3,420.0,926.7,925
380,128.0,2023-01-17,Fausto,Caja Azul, ,116.99,6,200.0,701.94,417
381,128.0,2023-01-17,Fausto,Caja Azul, ,119.9,6,200.0,719.4,412
382,128.0,2023-01-17,Fausto,Caja Azul, ,135.45,3,200.0,406.35,843
383,128.0,2023-01-17,Fausto,Caja Azul, ,135.45,3,200.0,406.35,842
384,128.0,2023-01-17,Fausto,Caja Azul, ,135.45,3,200.0,406.35,844
385,128.0,2023-01-17,Fausto,Caja Azul, ,1791.71,1,2000.0,1791.71,883
386,129.0,2023-01-18,Fausto,Caja Azul, ,60.34,12,100.0,724.08,748
387,129.0,2023-01-18,Fausto,Caja Azul, ,209.17,10,280.0,2091.7,845
388,130.0,2023-01-18,Marisa y Kuky,Caja, ,139.0,10,200.0,1390.0,544
390,132.0,2023-01-19,Fausto,Caja Azul, ,233.35,16,400.0,3733.6,597
391,132.0,2023-01-19,Fausto,Caja Azul, ,233.35,16,400.0,3733.6,595
392,132.0,2023-01-19,Fausto,Caja Azul, ,233.35,16,400.0,3733.6,594
393,132.0,2023-01-19,Fausto,Caja Azul, ,250.0,8,330.0,2000.0,512
394,133.0,2023-01-19,Fausto,Caja Azul, ,149.29,30,200.0,4478.7,27
395,133.0,2023-01-19,Fausto,Caja Azul, ,149.29,30,200.0,4478.7,30
396,134.0,2023-01-20,Fausto,Caja, ,24857.0,1,350.0,24857.0,46
397,135.0,2023-01-20,Fausto,Caja Azul, ,329.77,24,430.0,7914.48,98
398,135.0,2023-01-20,Fausto,Caja Azul, ,197.19,24,380.0,4732.56,500
399,136.0,2023-01-19,Marisa y Kuky,Caja,Pin Web,1.0,5000,1.0,5000.0,85
404,138.0,2023-01-21,Fausto,Caja Azul, ,180.0,10,180.0,1800.0,225
405,138.0,2023-01-21,Fausto,Caja Azul, ,180.0,20,230.0,3600.0,217
406,138.0,2023-01-21,Fausto,Caja Azul, ,195.0,3,250.0,585.0,557
407,138.0,2023-01-21,Fausto,Caja Azul, ,440.0,10,500.0,4400.0,220
408,138.0,2023-01-21,Fausto,Caja Azul, ,280.0,10,350.0,2800.0,218
409,138.0,2023-01-21,Fausto,Caja Azul, ,320.0,10,380.0,3200.0,198
410,138.0,2023-01-21,Fausto,Caja Azul, ,390.0,12,500.0,4680.0,514
411,139.0,2023-01-22,Fausto,Kuky y Marisa, ,400.0,1,500.0,400.0,342
412,139.0,2023-01-22,Fausto,Kuky y Marisa, ,400.0,1,500.0,400.0,343
413,139.0,2023-01-22,Fausto,Kuky y Marisa, ,400.0,1,500.0,400.0,344
414,139.0,2023-01-22,Fausto,Kuky y Marisa, ,400.0,2,500.0,800.0,991
415,139.0,2023-01-22,Fausto,Kuky y Marisa, ,400.0,2,500.0,800.0,1014
416,139.0,2023-01-22,Fausto,Kuky y Marisa, ,400.0,1,500.0,400.0,1008
417,139.0,2023-01-22,Fausto,Kuky y Marisa, ,400.0,1,500.0,400.0,1009
418,139.0,2023-01-22,Fausto,Kuky y Marisa, ,400.0,2,500.0,800.0,1015
419,139.0,2023-01-22,Fausto,Kuky y Marisa, ,400.0,1,500.0,400.0,982
420,139.0,2023-01-22,Fausto,Kuky y Marisa, ,400.0,1,500.0,400.0,983
421,140.0,2023-01-22,Fausto,Kuky y Marisa, ,400.0,1,500.0,400.0,984
422,140.0,2023-01-22,Fausto,Kuky y Marisa, ,500.0,1,650.0,500.0,1016
423,140.0,2023-01-22,Fausto,Kuky y Marisa, ,500.0,1,650.0,500.0,1021
426,143.0,2023-01-23,Marisa y Kuky,Kuky y Marisa, ,379.0,3,550.0,1137.0,798
427,143.0,2023-01-23,Marisa y Kuky,Kuky y Marisa, ,329.99,4,420.0,1319.96,925
428,143.0,2023-01-23,Marisa y Kuky,Kuky y Marisa, ,297.0,3,380.0,891.0,755
429,143.0,2023-01-23,Marisa y Kuky,Kuky y Marisa, ,182.23,10,250.0,1822.3,307
430,143.0,2023-01-23,Marisa y Kuky,Kuky y Marisa, ,102.65,10,150.0,1026.5,831
431,143.0,2023-01-23,Marisa y Kuky,Kuky y Marisa, ,118.99,4,200.0,475.96,828
433,143.0,2023-01-23,Marisa y Kuky,Kuky y Marisa, ,118.99,2,200.0,237.98,834
434,143.0,2023-01-23,Marisa y Kuky,Kuky y Marisa, ,146.4,6,250.0,878.4,441
435,144.0,2023-01-23,Marisa y Kuky,Kuky y Marisa, ,100.0,6,200.0,600.0,888
436,145.0,2023-01-23,Fausto,Caja Azul, ,250.0,12,330.0,3000.0,510
437,145.0,2023-01-23,Fausto,Caja Azul, ,1138.97,12,1400.0,13667.64,60
438,145.0,2023-01-23,Fausto,Caja Azul, ,235.41,1,300.0,235.41,949
439,146.0,2023-01-23,Marisa y Kuky,Kuky y Marisa, ,213.0,50,10.0,10650.0,909
440,146.0,2023-01-23,Marisa y Kuky,Kuky y Marisa, ,213.0,50,20.0,10650.0,908
441,146.0,2023-01-23,Marisa y Kuky,Kuky y Marisa, ,213.0,1,20.0,213.0,907
442,146.0,2023-01-23,Marisa y Kuky,Kuky y Marisa, ,213.0,24,300.0,5112.0,631
443,146.0,2023-01-23,Marisa y Kuky,Kuky y Marisa, ,213.0,24,300.0,5112.0,636
444,146.0,2023-01-23,Marisa y Kuky,Kuky y Marisa, ,232.99,6,350.0,1397.94,759
445,146.0,2023-01-23,Marisa y Kuky,Kuky y Marisa, ,100.0,6,200.0,600.0,888
446,146.0,2023-01-23,Marisa y Kuky,Kuky y Marisa, ,165.99,3,250.0,497.97,821
447,146.0,2023-01-23,Marisa y Kuky,Kuky y Marisa, ,258.0,6,350.0,1548.0,410
448,146.0,2023-01-23,Marisa y Kuky,Kuky y Marisa, ,409.99,5,550.0,2049.95,743
449,147.0,2023-01-23,Marisa y Kuky,Kuky y Marisa, ,343.49,8,450.0,2747.92,499
450,147.0,2023-01-23,Marisa y Kuky,Kuky y Marisa, ,149.0,4,250.0,596.0,965
452,149.0,2023-01-25,Fausto,Caja, ,415.38,13,550.0,5399.94,1180
453,150.0,2023-01-25,Fausto,Caja, ,395.0,30,550.0,11850.0,1191
454,151.0,2023-01-25,Fausto,Caja Azul, ,41.17,8,80.0,329.36,154
455,151.0,2023-01-25,Fausto,Caja Azul, ,41.17,18,80.0,741.06,155
456,151.0,2023-01-25,Fausto,Caja Azul, ,41.17,4,60.0,164.68,152
457,151.0,2023-01-25,Fausto,Caja Azul, ,41.17,4,60.0,164.68,153
458,151.0,2023-01-25,Fausto,Caja Azul, ,41.56,18,60.0,748.08,152
459,151.0,2023-01-25,Fausto,Caja Azul, ,169.9,4,230.0,679.6,160
460,151.0,2023-01-25,Fausto,Caja Azul, ,31.4,30,40.0,942.0,1094
461,151.0,2023-01-25,Fausto,Caja Azul, ,26.31,30,40.0,789.3,1093
462,151.0,2023-01-25,Fausto,Caja Azul, ,11.04,100,20.0,1104.0,1091
463,152.0,2023-01-25,Fausto,Caja Azul, ,88.9,5,150.0,444.5,372
464,152.0,2023-01-25,Fausto,Caja Azul, ,88.9,4,200.0,355.6,350
465,152.0,2023-01-25,Fausto,Caja Azul, ,88.9,4,200.0,355.6,382
466,152.0,2023-01-25,Fausto,Caja Azul, ,114.9,4,180.0,459.6,383
467,152.0,2023-01-25,Fausto,Caja Azul, ,112.51,4,230.0,450.04,339
468,152.0,2023-01-25,Fausto,Caja Azul, ,7.81,192,11.0,1499.52,866
469,152.0,2023-01-25,Fausto,Caja Azul, ,8.68,192,12.0,1666.56,853
470,152.0,2023-01-25,Fausto,Caja Azul, ,107.42,12,200.0,1289.04,974
471,153.0,2023-01-25,Fausto,Caja, ,95.0,30,150.0,2850.0,201
472,154.0,2023-01-26,Fausto,Caja Azul, ,266.67,24,350.0,6400.08,492
473,155.0,2023-01-26,Fausto,Caja Azul, ,4.75,20,10.0,95.0,231
474,156.0,2023-01-26,Fausto,Caja Azul, ,270.4,5,350.0,1352.0,621
475,156.0,2023-01-26,Fausto,Caja Azul, ,153.0,5,200.0,765.0,653
476,156.0,2023-01-26,Fausto,Caja Azul, ,270.8,3,350.0,812.4,658
477,156.0,2023-01-26,Fausto,Caja Azul, ,81.88,5,100.0,409.4,657
478,156.0,2023-01-26,Fausto,Caja Azul, ,81.88,5,100.0,409.4,656
479,156.0,2023-01-26,Fausto,Caja Azul, ,270.8,2,350.0,541.6,659
480,156.0,2023-01-26,Fausto,Caja Azul, ,287.22,3,380.0,861.66,626
481,157.0,2023-01-26,Fausto,Caja Azul, ,250.0,1,400.0,250.0,1012
482,157.0,2023-01-26,Fausto,Caja Azul, ,250.0,3,400.0,750.0,1012
483,158.0,2023-01-27,Marisa y Kuky,Caja Azul,Log In,1.0,10000,1.0,10000.0,85
484,159.0,2023-01-27,Marisa y Kuky,Caja Azul, ,342.59,48,450.0,16444.32,122
485,160.0,2023-01-28,Marisa y Kuky,Caja Azul, ,175.0,20,230.0,3500.0,217
486,160.0,2023-01-28,Marisa y Kuky,Caja Azul, ,160.0,20,230.0,3200.0,225
487,160.0,2023-01-28,Marisa y Kuky,Caja Azul, ,163.0,10,220.0,1630.0,205
488,160.0,2023-01-28,Marisa y Kuky,Caja Azul, ,163.0,10,220.0,1630.0,204
489,160.0,2023-01-28,Marisa y Kuky,Caja Azul, ,250.0,6,400.0,1500.0,257
490,160.0,2023-01-28,Marisa y Kuky,Caja Azul, ,250.0,6,400.0,1500.0,258
491,160.0,2023-01-28,Marisa y Kuky,Caja Azul, ,250.0,6,400.0,1500.0,259
492,160.0,2023-01-28,Marisa y Kuky,Caja Azul, ,250.0,6,400.0,1500.0,255
493,160.0,2023-01-28,Marisa y Kuky,Caja Azul, ,250.0,6,400.0,1500.0,260
494,161.0,2023-01-28,Marisa y Kuky,Caja Azul, ,264.99,12,350.0,3179.88,46
495,161.0,2023-01-28,Marisa y Kuky,Caja Azul, ,229.16,24,300.0,5499.84,114
496,161.0,2023-01-28,Marisa y Kuky,Caja Azul, ,190.0,24,260.0,4560.0,88
497,161.0,2023-01-28,Marisa y Kuky,Caja Azul, ,225.0,24,300.0,5400.0,109
498,161.0,2023-01-28,Marisa y Kuky,Caja Azul, ,72.91,24,100.0,1749.84,180
499,161.0,2023-01-28,Marisa y Kuky,Caja Azul, ,72.91,24,100.0,1749.84,179
500,162.0,2023-01-29,Marisa y Kuky,Caja Azul, ,150.0,3,250.0,450.0,952
501,163.0,2023-01-29,Marisa y Kuky,Caja Azul, ,150.0,3,250.0,450.0,965
503,165.0,2023-01-30,Marisa y Kuky,Caja Azul, ,38.97,150,60.0,5845.5,155
504,165.0,2023-01-30,Marisa y Kuky,Caja Azul, ,38.97,150,60.0,5845.5,154
505,165.0,2023-01-30,Marisa y Kuky,Caja Azul, ,105.31,10,100.0,1053.1,869
506,165.0,2023-01-30,Marisa y Kuky,Caja Azul, ,300.0,4,400.0,1200.0,924
507,165.0,2023-01-30,Marisa y Kuky,Caja Azul, ,416.66,6,600.0,2499.96,1181
508,165.0,2023-01-30,Marisa y Kuky,Caja Azul, ,54.61,48,100.0,2621.28,320
509,166.0,2023-01-30,Marisa y Kuky,Caja Azul, ,46.07,25,80.0,1151.75,436
510,166.0,2023-01-30,Marisa y Kuky,Caja Azul, ,46.07,25,80.0,1151.75,437
511,166.0,2023-01-30,Marisa y Kuky,Caja Azul, ,32.5,20,100.0,650.0,568
512,166.0,2023-01-30,Marisa y Kuky,Caja Azul, ,32.5,20,100.0,650.0,561
513,166.0,2023-01-30,Marisa y Kuky,Caja Azul, ,31.66,12,100.0,379.92,518
514,166.0,2023-01-30,Marisa y Kuky,Caja Azul, ,31.66,12,100.0,379.92,519
515,166.0,2023-01-30,Marisa y Kuky,Caja Azul, ,53.33,21,100.0,1119.93,177
516,166.0,2023-01-30,Marisa y Kuky,Caja Azul, ,53.33,21,100.0,1119.93,176
517,166.0,2023-01-30,Marisa y Kuky,Caja Azul, ,6.42,374,10.0,2401.08,525
518,167.0,2023-01-30,Marisa y Kuky,Caja Azul, ,250.0,8,330.0,2000.0,508
519,167.0,2023-01-30,Marisa y Kuky,Caja Azul, ,250.0,8,330.0,2000.0,504
520,167.0,2023-01-30,Marisa y Kuky,Caja Azul, ,10.0,8,330.0,80.0,503
521,167.0,2023-01-30,Marisa y Kuky,Caja Azul, ,250.0,8,330.0,2000.0,510
522,167.0,2023-01-30,Marisa y Kuky,Caja Azul, ,250.0,8,330.0,2000.0,512
523,168.0,2023-01-31,Marisa y Kuky,Caja Azul, ,250.0,2,350.0,500.0,39
524,168.0,2023-01-31,Marisa y Kuky,Caja Azul, ,250.0,6,350.0,1500.0,46
525,168.0,2023-01-31,Marisa y Kuky,Caja Azul, ,250.0,6,350.0,1500.0,42
527,169.0,2023-02-01,Marisa y Kuky,Caja,Log In,1.0,5000,1.0,5000.0,85
528,170.0,2023-02-01,Marisa y Kuky,Caja Azul, ,490.0,10,580.0,4900.0,213
529,170.0,2023-02-01,Marisa y Kuky,Caja Azul, ,500.0,10,600.0,5000.0,216
530,170.0,2023-02-01,Marisa y Kuky,Caja Azul, ,350.0,10,450.0,3500.0,200
531,170.0,2023-02-01,Marisa y Kuky,Caja Azul, ,440.0,10,500.0,4400.0,220
532,170.0,2023-02-01,Marisa y Kuky,Caja Azul, ,167.5,8,200.0,1340.0,189
534,172.0,2023-02-02,Marisa y Kuky,Caja Azul, ,250.0,5,300.0,1250.0,1061
535,173.0,2023-02-02,Marisa y Kuky,Caja, ,120.0,8,300.0,960.0,578
536,174.0,2023-02-02,Fausto,Caja, ,490.0,20,550.0,9800.0,209
537,174.0,2023-02-02,Fausto,Caja, ,280.0,10,350.0,2800.0,208
538,174.0,2023-02-02,Fausto,Caja, ,610.0,10,700.0,6100.0,211
541,176.0,2023-02-04,Marisa y Kuky,Caja, ,425.0,18,500.0,7650.0,488
542,176.0,2023-02-04,Marisa y Kuky,Caja, ,425.0,6,500.0,2550.0,494
543,176.0,2023-02-04,Marisa y Kuky,Caja, ,425.0,6,500.0,2550.0,514
544,176.0,2023-02-04,Marisa y Kuky,Caja, ,120.0,20,160.0,2400.0,223
545,177.0,2023-02-06,Marisa y Kuky,Caja Azul, ,184.6,5,240.0,923.0,1074
546,177.0,2023-02-06,Marisa y Kuky,Caja Azul, ,184.6,5,240.0,923.0,1075
547,177.0,2023-02-06,Marisa y Kuky,Caja Azul, ,128.8,10,200.0,1288.0,761
548,177.0,2023-02-06,Marisa y Kuky,Caja Azul, ,73.4,10,130.0,734.0,898
549,177.0,2023-02-06,Marisa y Kuky,Caja Azul, ,64.4,10,100.0,644.0,841
550,177.0,2023-02-06,Marisa y Kuky,Caja Azul, ,230.0,3,300.0,690.0,1043
551,177.0,2023-02-06,Marisa y Kuky,Caja Azul, ,192.3,3,250.0,576.9,1029
552,178.0,2023-02-07,Marisa y Kuky,Caja Azul, ,490.0,10,580.0,4900.0,219
553,178.0,2023-02-07,Marisa y Kuky,Caja Azul, ,280.0,10,380.0,2800.0,221
554,178.0,2023-02-07,Marisa y Kuky,Caja Azul, ,440.0,20,530.0,8800.0,220
555,178.0,2023-02-07,Marisa y Kuky,Caja Azul, ,60.0,8,80.0,480.0,183
556,179.0,2023-02-07,Marisa y Kuky,Caja Azul, ,267.69,13,350.0,3479.97,46
558,180.0,2023-02-07,Fausto,Caja Azul, ,266.67,16,350.0,4266.72,492
559,180.0,2023-02-07,Fausto,Caja Azul, ,225.0,8,350.0,1800.0,497
560,180.0,2023-02-07,Fausto,Caja Azul, ,225.0,8,350.0,1800.0,517
561,181.0,2023-02-08,Marisa y Kuky,Caja Azul, ,128.0,6,200.0,768.0,59
562,181.0,2023-02-08,Marisa y Kuky,Caja Azul, ,128.0,12,200.0,1536.0,2
563,182.0,2023-02-08,Fausto,Caja Azul, ,227.82,5,300.0,1139.1,173
564,182.0,2023-02-08,Fausto,Caja Azul, ,227.82,5,300.0,1139.1,167
565,182.0,2023-02-08,Fausto,Caja Azul, ,113.8,20,200.0,2276.0,150
566,183.0,2023-02-08,Marisa y Kuky,Caja, ,152.39,5,250.0,761.95,678
567,184.0,2023-02-09,Marisa y Kuky,Caja, ,216.57,48,300.0,10395.36,109
568,185.0,2023-02-09,Marisa y Kuky,Caja Azul, ,60.0,10,100.0,600.0,1040
569,186.0,2023-02-09,Fausto,Caja, ,166.66,12,220.0,1999.92,516
570,186.0,2023-02-09,Fausto,Caja, ,166.66,12,220.0,1999.92,490
571,186.0,2023-02-09,Fausto,Caja, ,166.66,12,220.0,1999.92,496
572,186.0,2023-02-09,Fausto,Caja, ,291.66,6,380.0,1749.96,18
573,186.0,2023-02-09,Fausto,Caja, ,291.66,6,380.0,1749.96,21
574,187.0,2023-02-09,Marisa y Kuky,Caja, ,95.0,30,150.0,2850.0,201
575,187.0,2023-02-09,Marisa y Kuky,Caja, ,320.0,10,380.0,3200.0,198
576,187.0,2023-02-09,Marisa y Kuky,Caja, ,490.0,1,580.0,490.0,209
577,188.0,2023-02-09,Marisa y Kuky,Caja Azul, ,280.4,3,380.0,841.2,659
578,188.0,2023-02-09,Marisa y Kuky,Caja Azul, ,284.23,2,380.0,568.46,658
579,188.0,2023-02-09,Marisa y Kuky,Caja Azul, ,190.54,5,280.0,952.7,643
580,189.0,2023-02-11,Marisa y Kuky,Caja Azul, ,286.87,2,380.0,573.74,583
581,189.0,2023-02-11,Marisa y Kuky,Caja Azul, ,180.0,12,250.0,2160.0,27
582,189.0,2023-02-11,Marisa y Kuky,Caja Azul, ,180.0,12,250.0,2160.0,30
583,189.0,2023-02-11,Marisa y Kuky,Caja Azul, ,286.87,8,380.0,2294.96,590
584,189.0,2023-02-11,Marisa y Kuky,Caja Azul, ,286.87,8,380.0,2294.96,584
585,189.0,2023-02-11,Marisa y Kuky,Caja Azul, ,1.0,25000,1.0,25000.0,85
586,190.0,2023-02-11,Marisa y Kuky,Caja, ,168.75,24,300.0,4050.0,270
587,190.0,2023-02-11,Marisa y Kuky,Caja, ,230.0,24,300.0,5520.0,114
588,190.0,2023-02-11,Marisa y Kuky,Caja, ,210.0,24,260.0,5040.0,88
589,190.0,2023-02-11,Marisa y Kuky,Caja, ,300.0,6,450.0,1800.0,802
590,191.0,2023-02-11,Fausto,Caja, ,296.69,12,400.0,3560.28,923
591,191.0,2023-02-11,Fausto,Caja, ,202.75,12,300.0,2433.0,252
592,191.0,2023-02-11,Fausto,Caja, ,202.75,12,300.0,2433.0,246
593,191.0,2023-02-11,Fausto,Caja, ,202.75,12,300.0,2433.0,249
594,191.0,2023-02-11,Fausto,Caja, ,351.14,6,450.0,2106.84,99
595,191.0,2023-02-11,Fausto,Caja, ,322.33,4,430.0,1289.32,87
596,191.0,2023-02-11,Fausto,Caja, ,490.0,6,640.0,2940.0,282
597,191.0,2023-02-11,Fausto,Caja, ,238.78,6,280.0,1432.68,88
598,191.0,2023-02-11,Fausto,Caja, ,222.0,12,250.0,1347.96,123
599,191.0,2023-02-11,Fausto,Caja, ,214.9,6,270.0,1289.4,92
600,192.0,2023-02-12,Marisa y Kuky,Caja Azul, ,55.0,11,100.0,605.0,1070
601,192.0,2023-02-12,Marisa y Kuky,Caja Azul, ,55.0,23,100.0,55.0,1040
602,193.0,2023-02-12,Marisa y Kuky,Caja Azul, ,78.16,6,150.0,468.96,142
603,193.0,2023-02-12,Marisa y Kuky,Caja Azul, ,100.0,6,150.0,600.0,145
604,193.0,2023-02-12,Marisa y Kuky,Caja Azul, ,300.0,5,400.0,1500.0,464
605,193.0,2023-02-12,Marisa y Kuky,Caja Azul, ,280.0,5,400.0,1400.0,410
606,193.0,2023-02-12,Marisa y Kuky,Caja Azul, ,195.0,5,250.0,975.0,468
607,193.0,2023-02-12,Marisa y Kuky,Caja Azul, ,161.99,5,230.0,809.95,407
608,193.0,2023-02-12,Marisa y Kuky,Caja Azul, ,116.0,5,200.0,580.0,397
609,193.0,2023-02-12,Marisa y Kuky,Caja Azul, ,144.99,5,200.0,724.95,399
610,193.0,2023-02-12,Marisa y Kuky,Caja Azul, ,222.0,4,350.0,888.0,474
611,194.0,2023-02-12,Marisa y Kuky,Caja Azul, ,249.0,5,350.0,1245.0,472
612,194.0,2023-02-12,Marisa y Kuky,Caja Azul, ,149.0,3,200.0,447.0,395
613,194.0,2023-02-12,Marisa y Kuky,Caja Azul, ,112.0,3,200.0,336.0,398
614,194.0,2023-02-12,Marisa y Kuky,Caja Azul, ,119.0,3,200.0,357.0,402
615,194.0,2023-02-12,Marisa y Kuky,Caja Azul, ,85.0,5,150.0,425.0,451
616,194.0,2023-02-12,Marisa y Kuky,Caja Azul, ,123.25,5,200.0,616.25,401
617,194.0,2023-02-12,Marisa y Kuky,Caja Azul, ,92.0,5,200.0,460.0,462
618,194.0,2023-02-12,Marisa y Kuky,Caja Azul, ,84.2,5,150.0,421.0,419
619,195.0,2023-02-12,Marisa y Kuky,Caja Azul, ,60.0,5,100.0,300.0,406
620,195.0,2023-02-12,Marisa y Kuky,Caja Azul, ,159.0,5,250.0,795.0,405
621,195.0,2023-02-12,Marisa y Kuky,Caja Azul, ,159.0,5,250.0,795.0,428
622,195.0,2023-02-12,Marisa y Kuky,Caja Azul, ,174.0,5,250.0,870.0,444
623,195.0,2023-02-12,Marisa y Kuky,Caja Azul, ,285.0,5,400.0,1425.0,469
624,195.0,2023-02-12,Marisa y Kuky,Caja Azul, ,180.0,5,250.0,900.0,424
625,195.0,2023-02-12,Marisa y Kuky,Caja Azul, ,86.58,5,150.0,432.9,473
626,195.0,2023-02-12,Marisa y Kuky,Caja Azul, ,121.0,6,250.0,726.0,430
627,196.0,2023-02-12,Marisa y Kuky,Caja Azul, ,355.0,3,500.0,1065.0,930
628,197.0,2023-02-13,Fausto,Caja, ,184.0,6,240.0,1104.0,598
629,197.0,2023-02-13,Fausto,Caja, ,133.4,12,180.0,1600.8,901
630,197.0,2023-02-14,Fausto,Caja, ,170.0,20,230.0,3400.0,217
631,197.0,2023-02-14,Fausto,Caja, ,433.33,12,550.0,5199.96,488
632,197.0,2023-02-14,Fausto,Caja, ,433.33,6,550.0,2599.98,494
633,197.0,2023-02-14,Fausto,Caja, ,433.33,6,550.0,2599.98,514
634,197.0,2023-02-14,Fausto,Caja, ,203.25,4,260.0,813.0,758
635,198.0,2023-02-14,Fausto,Caja Azul, ,374.19,36,480.0,13470.84,90
636,198.0,2023-02-14,Fausto,Caja Azul, ,306.58,12,400.0,3678.96,265
637,199.0,2023-02-15,Marisa y Kuky,Caja Azul, ,290.0,10,380.0,2900.0,215
638,199.0,2023-02-15,Marisa y Kuky,Caja Azul, ,490.0,10,580.0,4900.0,213
639,199.0,2023-02-15,Marisa y Kuky,Caja Azul, ,280.0,10,380.0,2800.0,218
640,199.0,2023-02-15,Marisa y Kuky,Caja Azul, ,320.0,10,400.0,3200.0,212
641,199.0,2023-02-15,Marisa y Kuky,Caja Azul, ,440.0,10,530.0,4400.0,220
642,199.0,2023-02-15,Marisa y Kuky,Caja Azul, ,560.0,10,650.0,5600.0,214
643,199.0,2023-02-15,Marisa y Kuky,Caja Azul, ,107.5,4,130.0,430.0,547
644,199.0,2023-02-15,Marisa y Kuky,Caja Azul, ,80.0,8,100.0,640.0,542
645,200.0,2023-02-16,Marisa y Kuky,Caja, ,16.0,80,30.0,1280.0,293
646,255.0,2023-03-04,Marisa y Kuky,Caja Azul, ,333.33,6,450.0,1999.98,19
647,201.0,2023-02-16,Marisa y Kuky,Caja, ,83.33,36,100.0,2999.88,10
648,201.0,2023-02-16,Marisa y Kuky,Caja, ,83.33,18,200.0,1499.94,4
649,202.0,2023-02-16,Fausto,Caja, ,133.9,21,230.0,2811.9,1084
650,202.0,2023-02-16,Fausto,Caja, ,265.62,8,350.0,2124.96,504
651,202.0,2023-02-16,Fausto,Caja, ,265.62,12,350.0,3187.44,510
652,203.0,2023-02-16,Fausto,Caja, ,92.55,5,130.0,462.75,656
653,203.0,2023-02-16,Fausto,Caja, ,92.55,5,130.0,462.75,657
654,203.0,2023-02-16,Fausto,Caja, ,280.91,3,380.0,842.73,659
655,203.0,2023-02-16,Fausto,Caja, ,280.91,3,380.0,842.73,658
656,203.0,2023-02-16,Fausto,Caja, ,311.93,4,400.0,1247.72,972
657,203.0,2023-02-16,Fausto,Caja, ,168.32,5,230.0,841.5999999999999,653
658,204.0,2023-02-16,Marisa y Kuky,Caja Azul, ,320.0,10,400.0,3200.0,198
659,204.0,2023-02-16,Marisa y Kuky,Caja Azul, ,280.0,20,350.0,5600.0,208
660,204.0,2023-02-16,Marisa y Kuky,Caja Azul, ,490.0,10,580.0,4900.0,209
661,204.0,2023-02-16,Marisa y Kuky,Caja Azul, ,210.0,5,300.0,1050.0,233
662,205.0,2023-02-17,Fausto,Caja, ,201.53,4,300.0,800.0,87
663,205.0,2023-02-17,Fausto,Caja, ,73.0,6,100.0,438.0,576
664,206.0,2023-02-17,Fausto,Caja, ,52.17,16,100.0,834.72,193
665,206.0,2023-02-17,Fausto,Caja, ,62.68,12,100.0,752.16,548
666,206.0,2023-02-17,Fausto,Caja, ,62.68,12,100.0,752.16,552
667,207.0,2023-02-17,Marisa y Kuky,Caja Azul, ,311.0,5,400.0,1555.0,1127
668,208.0,2023-02-17,Marisa y Kuky,Caja Azul, ,375.0,1,450.0,375.0,234
669,209.0,2023-02-17,Marisa y Kuky,Caja Azul, ,380.0,1,500.0,380.0,979
670,209.0,2023-02-17,Marisa y Kuky,Caja Azul, ,380.0,1,500.0,380.0,980
671,209.0,2023-02-17,Marisa y Kuky,Caja Azul, ,400.0,1,500.0,400.0,1000
672,209.0,2023-02-17,Marisa y Kuky,Caja Azul, ,500.0,1,600.0,500.0,988
673,209.0,2023-02-17,Marisa y Kuky,Caja Azul, ,500.0,1,600.0,500.0,987
674,209.0,2023-02-17,Marisa y Kuky,Caja Azul, ,600.0,1,700.0,600.0,981
675,209.0,2023-02-17,Marisa y Kuky,Caja Azul, ,200.0,1,300.0,200.0,977
676,209.0,2023-02-17,Marisa y Kuky,Caja Azul, ,400.0,1,500.0,400.0,1003
677,210.0,2023-02-18,Marisa y Kuky,Caja Azul, ,149.63,10,200.0,1496.3,1121
678,210.0,2023-02-18,Marisa y Kuky,Caja Azul, ,66.86,15,100.0,1002.9,544
679,210.0,2023-02-18,Marisa y Kuky,Caja Azul, ,85.39,25,150.0,2134.75,1112
680,210.0,2023-02-18,Marisa y Kuky,Caja Azul, ,73.02,24,100.0,1752.48,180
681,211.0,2023-02-20,Marisa y Kuky,Caja Azul, ,500.0,10,600.0,5000.0,216
682,211.0,2023-02-20,Marisa y Kuky,Caja Azul, ,290.0,10,380.0,2900.0,215
683,211.0,2023-02-20,Marisa y Kuky,Caja Azul, ,440.0,10,530.0,4400.0,220
684,211.0,2023-02-20,Marisa y Kuky,Caja Azul, ,290.0,10,380.0,2900.0,221
685,211.0,2023-02-20,Marisa y Kuky,Caja Azul, ,60.0,1,80.0,60.0,183
687,212.0,2023-02-20,Marisa y Kuky,Caja, ,281.25,16,380.0,4500.0,492
688,212.0,2023-02-20,Marisa y Kuky,Caja, ,433.33,12,550.0,5199.96,488
689,212.0,2023-02-20,Marisa y Kuky,Caja, ,175.0,10,240.0,1750.0,217
690,212.0,2023-02-20,Marisa y Kuky,Caja, ,175.0,10,240.0,1750.0,205
691,212.0,2023-02-20,Marisa y Kuky,Caja, ,175.0,10,240.0,1750.0,204
692,213.0,2023-02-20,Marisa y Kuky,Caja Azul, ,325.01,4,420.0,1300.04,925
693,213.0,2023-02-20,Marisa y Kuky,Caja Azul, ,83.75,16,150.0,1340.0,565
694,213.0,2023-02-20,Marisa y Kuky,Caja Azul, ,83.75,16,150.0,1340.0,567
695,213.0,2023-02-20,Marisa y Kuky,Caja Azul, ,83.75,16,150.0,1340.0,563
696,213.0,2023-02-20,Marisa y Kuky,Caja Azul, ,234.99,6,350.0,1409.94,902
697,213.0,2023-02-20,Marisa y Kuky,Caja Azul, ,299.0,4,400.0,1196.0,928
698,213.0,2023-02-20,Marisa y Kuky,Caja Azul, ,315.0,4,450.0,1260.0,936
699,213.0,2023-02-20,Marisa y Kuky,Caja Azul, ,299.17,3,450.0,897.51,937
700,214.0,2023-02-20,Marisa y Kuky,Caja Azul, ,129.91,5,200.0,649.55,452
701,214.0,2023-02-20,Marisa y Kuky,Caja Azul, ,109.9,3,200.0,329.7,403
702,214.0,2023-02-20,Marisa y Kuky,Caja Azul, ,109.9,3,200.0,329.7,400
703,214.0,2023-02-20,Marisa y Kuky,Caja Azul, ,109.9,3,200.0,329.7,396
704,214.0,2023-02-20,Marisa y Kuky,Caja Azul, ,165.0,3,250.0,495.0,425
705,214.0,2023-02-20,Marisa y Kuky,Caja Azul, ,165.0,3,250.0,495.0,423
707,214.0,2023-02-20,Marisa y Kuky,Caja Azul, ,65.0,3,100.0,195.0,448
708,214.0,2023-02-20,Marisa y Kuky,Caja Azul, ,65.0,3,100.0,195.0,450
709,215.0,2023-02-20,Marisa y Kuky,Caja Azul, ,139.9,3,200.0,419.7,462
710,215.0,2023-02-20,Marisa y Kuky,Caja Azul, ,488.34,3,650.0,1465.02,773
711,215.0,2023-02-20,Marisa y Kuky,Caja Azul, ,316.75,3,450.0,950.25,785
712,215.0,2023-02-20,Marisa y Kuky,Caja Azul, ,289.0,3,450.0,867.0,796
713,215.0,2023-02-20,Marisa y Kuky,Caja Azul, ,25.35,40,40.0,1014.0,776
714,215.0,2023-02-20,Marisa y Kuky,Caja Azul, ,23.5,20,40.0,470.0,774
715,215.0,2023-02-20,Marisa y Kuky,Caja Azul, ,9.0,60,20.0,540.0,769
716,215.0,2023-02-20,Marisa y Kuky,Caja Azul, ,132.5,5,200.0,662.5,417
717,215.0,2023-02-20,Marisa y Kuky,Caja Azul, ,169.0,6,250.0,1014.0,890
718,216.0,2023-02-21,Marisa y Kuky,Caja Azul, ,92.7,6,150.0,556.2,456
719,216.0,2023-02-21,Marisa y Kuky,Caja Azul, ,92.7,6,150.0,556.2,458
720,216.0,2023-02-21,Marisa y Kuky,Caja Azul, ,92.7,6,150.0,556.2,455
721,216.0,2023-02-21,Marisa y Kuky,Caja Azul, ,259.9,12,350.0,3118.8,627
722,216.0,2023-02-21,Marisa y Kuky,Caja Azul, ,179.0,24,300.0,4296.0,633
723,216.0,2023-02-21,Marisa y Kuky,Caja Azul, ,500.0,2,650.0,1000.0,978
724,217.0,2023-02-21,Marisa y Kuky,Kuky y Marisa, ,24.52,300,150.0,7356.0,717
725,217.0,2023-02-21,Marisa y Kuky,Kuky y Marisa, ,116.71,20,300.0,2334.2,716
726,217.0,2023-02-21,Marisa y Kuky,Kuky y Marisa, ,110.22,20,400.0,2204.4,718
727,217.0,2023-02-21,Marisa y Kuky,Kuky y Marisa, ,188.54,20,500.0,3770.8,715
728,218.0,2023-02-21,Fausto,Caja Azul, ,270.0,6,350.0,1620.0,1057
729,218.0,2023-02-21,Fausto,Caja Azul, ,1162.23,12,1500.0,13946.76,60
730,219.0,2023-02-22,Fausto,Caja, ,576.92,5,730.0,2884.6,1047
731,219.0,2023-02-22,Fausto,Caja, ,384.61,5,500.0,1923.05,1050
732,219.0,2023-02-22,Fausto,Caja, ,192.3,5,250.0,961.5,1049
733,220.0,2023-02-22,Fausto,Caja, ,149.05,6,200.0,894.3,782
734,220.0,2023-02-22,Fausto,Caja, ,159.15,6,200.0,954.9,899
737,223.0,2023-02-23,Fausto,Caja, ,76.96,9,100.0,692.64,192
738,223.0,2023-02-23,Fausto,Caja, ,56.43,8,80.0,451.44,191
739,223.0,2023-02-23,Fausto,Caja, ,138.52,6,130.0,831.12,148
740,223.0,2023-02-23,Fausto,Caja, ,138.52,6,180.0,831.12,141
741,223.0,2023-02-23,Fausto,Caja, ,138.52,6,180.0,831.12,140
742,224.0,2023-02-23,Fausto,Caja, ,280.0,10,350.0,2800.0,206
743,224.0,2023-02-23,Fausto,Caja, ,360.0,10,430.0,3600.0,227
744,225.0,2023-02-25,Marisa y Kuky,Caja Azul, ,191.66,24,270.0,4599.84,86
745,225.0,2023-02-25,Marisa y Kuky,Caja Azul, ,187.5,24,260.0,4500.0,89
746,225.0,2023-02-25,Marisa y Kuky,Caja Azul, ,212.5,24,300.0,5100.0,109
747,225.0,2023-02-25,Marisa y Kuky,Caja Azul, ,235.41,24,330.0,5649.84,114
748,225.0,2023-02-25,Marisa y Kuky,Caja Azul, ,430.0,12,580.0,5160.0,1191
749,225.0,2023-02-25,Marisa y Kuky,Caja Azul, ,425.0,12,550.0,5100.0,488
750,225.0,2023-02-25,Marisa y Kuky,Caja Azul, ,425.0,6,550.0,2550.0,494
751,225.0,2023-02-25,Marisa y Kuky,Caja Azul, ,425.0,6,550.0,2550.0,514
752,226.0,2023-02-25,Marisa y Kuky,Caja Azul, ,132.5,4,200.0,530.0,417
753,226.0,2023-02-25,Marisa y Kuky,Caja Azul, ,85.62,5,120.0,428.1,882
754,226.0,2023-02-25,Marisa y Kuky,Caja Azul, ,144.99,3,200.0,434.97,814
755,226.0,2023-02-25,Marisa y Kuky,Caja Azul, ,132.5,3,200.0,397.5,815
756,226.0,2023-02-25,Marisa y Kuky,Caja Azul, ,144.99,3,200.0,434.97,817
757,226.0,2023-02-25,Marisa y Kuky,Caja Azul, ,144.99,8,200.0,1159.92,816
758,201.0,2023-02-16,Marisa y Kuky,Caja, ,291.66,6,400.0,1749.96,20
759,226.0,2023-02-25,Marisa y Kuky,Caja Azul, ,395.83,12,550.0,4749.96,110
760,226.0,2023-02-25,Marisa y Kuky,Caja Azul, ,358.33,12,450.0,4299.96,122
761,227.0,2023-02-25,Marisa y Kuky,Caja Azul, ,41.64,18,70.0,749.52,600
762,227.0,2023-02-25,Marisa y Kuky,Caja Azul, ,41.64,18,70.0,749.52,582
763,227.0,2023-02-25,Marisa y Kuky,Caja Azul, ,41.64,18,70.0,749.52,581
764,227.0,2023-02-25,Marisa y Kuky,Caja Azul, ,23.49,20,40.0,469.8,774
765,227.0,2023-02-25,Marisa y Kuky,Caja Azul, ,245.0,8,380.0,1960.0,588
766,227.0,2023-02-25,Marisa y Kuky,Caja Azul, ,245.0,8,380.0,1960.0,584
767,227.0,2023-02-25,Marisa y Kuky,Caja Azul, ,89.0,6,150.0,534.0,886
768,227.0,2023-02-25,Marisa y Kuky,Caja Azul, ,96.5,10,150.0,965.0,889
769,227.0,2023-02-25,Marisa y Kuky,Caja Azul, ,15.63,50,100.0,781.5,665
770,228.0,2023-02-25,Marisa y Kuky,Caja Azul, ,30.0,15,70.0,450.0,295
771,228.0,2023-02-25,Marisa y Kuky,Caja Azul, ,268.0,10,360.0,2680.0,762
772,228.0,2023-02-25,Marisa y Kuky,Caja Azul, ,109.0,10,200.0,1090.0,857
773,228.0,2023-02-25,Marisa y Kuky,Caja Azul, ,152.0,6,250.0,912.0,887
774,228.0,2023-02-25,Marisa y Kuky,Caja Azul, ,160.0,10,250.0,1600.0,753
775,228.0,2023-02-25,Marisa y Kuky,Caja Azul, ,237.0,3,350.0,711.0,67
776,228.0,2023-02-25,Marisa y Kuky,Caja Azul, ,169.0,3,350.0,507.0,65
777,228.0,2023-02-25,Marisa y Kuky,Caja Azul, ,399.0,6,550.0,2394.0,744
778,228.0,2023-02-25,Marisa y Kuky,Caja Azul, ,62.0,10,150.0,620.0,915
779,229.0,2023-02-25,Marisa y Kuky,Caja Azul, ,550.0,2,700.0,1100.0,1023
780,229.0,2023-02-25,Marisa y Kuky,Caja Azul, ,550.0,2,700.0,1100.0,1024
781,229.0,2023-02-25,Marisa y Kuky,Caja Azul, ,179.0,18,280.0,3222.0,27
782,229.0,2023-02-25,Marisa y Kuky,Caja Azul, ,100.0,10,150.0,1000.0,970
783,229.0,2023-02-25,Marisa y Kuky,Caja Azul, ,1.0,10000,1.0,10000.0,85
784,229.0,2023-02-25,Marisa y Kuky,Caja Azul, ,4.0,100,10.0,400.0,530
785,230.0,2023-02-26,Marisa y Kuky,Caja Azul,Log In,1.0,10000,1.0,10000.0,85
786,231.0,2023-02-26,Marisa y Kuky,Caja Azul, ,45.0,20,70.0,900.0,608
787,231.0,2023-02-26,Marisa y Kuky,Caja Azul, ,45.0,20,70.0,900.0,611
788,231.0,2023-02-26,Marisa y Kuky,Caja Azul, ,45.0,20,70.0,900.0,610
789,231.0,2023-02-26,Marisa y Kuky,Caja Azul, ,45.0,20,70.0,900.0,612
790,231.0,2023-02-26,Marisa y Kuky,Caja Azul, ,45.0,20,70.0,900.0,606
791,231.0,2023-02-26,Marisa y Kuky,Caja Azul, ,135.0,6,200.0,810.0,475
792,231.0,2023-02-26,Marisa y Kuky,Caja Azul, ,228.0,6,330.0,1368.0,408
793,232.0,2023-02-26,Marisa y Kuky,Caja Azul, ,121.0,5,250.0,605.0,430
794,232.0,2023-02-26,Marisa y Kuky,Caja Azul, ,172.0,6,330.0,1032.0,466
795,232.0,2023-02-26,Marisa y Kuky,Caja Azul, ,101.0,17,150.0,1717.0,465
796,232.0,2023-02-26,Marisa y Kuky,Caja Azul, ,120.0,5,180.0,600.0,467
797,232.0,2023-02-26,Marisa y Kuky,Caja Azul, ,84.2,5,150.0,421.0,419
798,232.0,2023-02-26,Marisa y Kuky,Caja Azul, ,165.0,6,250.0,990.0,441
799,232.0,2023-02-26,Marisa y Kuky,Caja Azul, ,89.99,3,150.0,269.97,894
800,232.0,2023-02-26,Marisa y Kuky,Caja Azul, ,68.99,6,150.0,413.93999999999994,918
801,232.0,2023-02-26,Marisa y Kuky,Caja Azul, ,188.0,3,300.0,564.0,917
802,233.0,2023-02-27,Marisa y Kuky,Caja Azul, ,594.0,12,800.0,7128.0,640
803,234.0,2023-02-27,Fausto,Caja, ,80.0,8,100.0,640.0,542
804,234.0,2023-02-27,Fausto,Caja, ,640.0,10,730.0,6400.0,214
805,234.0,2023-02-27,Fausto,Caja, ,320.0,10,380.0,3200.0,218
806,234.0,2023-02-27,Fausto,Caja, ,360.0,10,430.0,3600.0,212
807,234.0,2023-02-27,Fausto,Caja, ,500.0,10,580.0,5000.0,220
808,235.0,2023-02-27,Marisa y Kuky,Caja Azul, ,265.62,4,350.0,1062.48,510
809,235.0,2023-02-27,Marisa y Kuky,Caja Azul, ,265.62,4,350.0,1062.48,512
810,235.0,2023-02-27,Marisa y Kuky,Caja Azul, ,156.24,14,230.0,2187.36,1084
811,235.0,2023-02-27,Marisa y Kuky,Caja Azul, ,376.13,12,430.0,4513.56,1186
812,236.0,2023-02-27,Marisa y Kuky,Caja Azul, ,600.0,10,900.0,6000.0,1148
813,237.0,2023-02-27,Marisa y Kuky,Caja Azul, ,150.0,8,250.0,1200.0,945
814,238.0,2023-02-28,Marisa y Kuky,Caja, ,84.35,12,150.0,1012.2,471
815,238.0,2023-02-28,Marisa y Kuky,Caja, ,400.0,6,550.0,2400.0,1187
818,241.0,2023-03-01,Fausto,Caja Azul, ,6.5,542,10.0,3523.0,525
819,241.0,2023-03-01,Fausto,Caja Azul, ,32.0,12,100.0,384.0,519
820,241.0,2023-03-01,Fausto,Caja Azul, ,2.39,292,3.0,697.88,526
821,241.0,2023-03-01,Fausto,Caja Azul, ,38.0,20,80.0,760.0,1066
822,241.0,2023-03-01,Fausto,Caja Azul, ,125.0,11,200.0,1375.0,168
823,241.0,2023-03-01,Fausto,Caja Azul, ,125.0,12,200.0,1500.0,169
824,242.0,2023-03-01,Fausto,Caja Azul, ,272.78,7,400.0,1909.46,464
825,242.0,2023-03-01,Fausto,Caja Azul, ,241.09,7,400.0,1687.63,410
826,243.0,2023-03-01,Fausto,Caja Azul, ,83.88,2,150.0,167.76,589
827,243.0,2023-03-01,Fausto,Caja Azul, ,83.88,18,150.0,1509.84,585
828,243.0,2023-03-01,Fausto,Caja Azul, ,83.88,18,150.0,1509.84,591
829,244.0,2023-03-01,Fausto,Caja, ,180.0,6,280.0,1080.0,27
830,244.0,2023-03-01,Fausto,Caja, ,180.0,6,280.0,1080.0,27
831,245.0,2023-03-01,Fausto,Caja Azul, ,287.5,16,400.0,4600.0,492
832,246.0,2023-03-02,Fausto,Caja, ,168.33,5,250.0,841.65,653
833,246.0,2023-03-02,Fausto,Caja, ,138.46,5,180.0,692.3,614
834,246.0,2023-03-02,Fausto,Caja, ,345.75,4,450.0,1383.0,648
835,246.0,2023-03-02,Fausto,Caja, ,312.0,4,430.0,1248.0,972
836,247.0,2023-03-02,Marisa y Kuky,Caja Azul, ,280.0,10,350.0,2800.0,208
837,247.0,2023-03-02,Marisa y Kuky,Caja Azul, ,490.0,10,580.0,4900.0,209
839,249.0,2023-03-03,Marisa y Kuky,Caja Azul, ,1200.0,1,1600.0,1200.0,104
840,249.0,2023-03-03,Marisa y Kuky,Caja Azul, ,2800.0,2,3500.0,5600.0,102
841,249.0,2023-03-03,Marisa y Kuky,Caja Azul, ,3600.0,1,4200.0,3600.0,103
842,249.0,2023-03-03,Marisa y Kuky,Caja Azul, ,234.59,24,400.0,5630.16,131
843,250.0,2023-03-03,Marisa y Kuky,Kuky y Marisa, ,180.0,100,250.0,18000.0,319
844,250.0,2023-03-03,Marisa y Kuky,Kuky y Marisa, ,11.0,140,30.0,1540.0,310
845,250.0,2023-03-03,Marisa y Kuky,Kuky y Marisa, ,95.19,30,150.0,2855.7,291
846,250.0,2023-03-03,Marisa y Kuky,Kuky y Marisa, ,59.09,30,100.0,1772.7,387
847,250.0,2023-03-03,Marisa y Kuky,Kuky y Marisa, ,35.0,60,50.0,2100.0,321
848,250.0,2023-03-03,Marisa y Kuky,Kuky y Marisa, ,20.6,20,50.0,412.0,325
849,250.0,2023-03-03,Marisa y Kuky,Kuky y Marisa, ,20.6,60,30.0,1236.0,357
850,250.0,2023-03-03,Marisa y Kuky,Kuky y Marisa, ,29.22,20,40.0,584.4,323
851,250.0,2023-03-03,Marisa y Kuky,Kuky y Marisa, ,26.5,30,40.0,795.0,385
852,250.0,2023-03-03,Marisa y Kuky,Kuky y Marisa, ,36.5,32,50.0,1168.0,318
853,251.0,2023-03-03,Marisa y Kuky,Kuky y Marisa, ,35.3,50,50.0,1765.0,358
855,253.0,2023-03-03,Marisa y Kuky,Kuky y Marisa, ,500.0,1,600.0,500.0,1019
856,253.0,2023-03-03,Marisa y Kuky,Kuky y Marisa, ,500.0,1,600.0,500.0,1018
857,253.0,2023-03-03,Marisa y Kuky,Kuky y Marisa, ,500.0,1,600.0,500.0,1017
858,253.0,2023-03-03,Marisa y Kuky,Kuky y Marisa, ,500.0,1,600.0,500.0,1020
859,254.0,2023-03-04,Marisa y Kuky,Caja Azul, ,56.33,30,100.0,1689.9,766
860,254.0,2023-03-04,Marisa y Kuky,Caja Azul, ,188.33,6,280.0,1129.98,26
861,254.0,2023-03-04,Marisa y Kuky,Caja Azul, ,188.33,6,250.0,1129.98,24
862,226.0,2023-02-25,Marisa y Kuky,Caja Azul, ,333.33,18,450.0,5999.94,23
863,255.0,2023-03-04,Marisa y Kuky,Caja Azul, ,333.33,6,450.0,1999.98,23
864,255.0,2023-03-04,Marisa y Kuky,Caja Azul, ,208.0,6,330.0,1248.0,114
865,255.0,2023-03-04,Marisa y Kuky,Caja Azul, ,208.0,6,270.0,1248.0,86
866,255.0,2023-03-04,Marisa y Kuky,Caja Azul, ,208.0,6,270.0,1248.0,129
867,255.0,2023-03-04,Marisa y Kuky,Caja Azul, ,208.0,6,300.0,1248.0,109
868,256.0,2023-03-04,Fausto,Caja, ,90.65,20,150.0,1813.0,174
869,256.0,2023-03-04,Fausto,Caja, ,285.0,6,380.0,1710.0,181
870,257.0,2023-03-04,Fausto,Caja Azul, ,100.0,5,150.0,500.0,970
871,258.0,2023-03-05,Fausto,Caja Azul, ,2.8,400,5.0,1120.0,526
872,258.0,2023-03-05,Fausto,Caja Azul, ,218.0,24,280.0,5232.0,88
873,258.0,2023-03-05,Fausto,Caja Azul, ,410.0,24,550.0,9840.0,488
874,258.0,2023-03-05,Fausto,Caja Azul, ,389.0,3,500.0,1167.0,793
875,258.0,2023-03-05,Fausto,Caja Azul, ,123.74,40,180.0,4949.6,871
876,258.0,2023-03-05,Fausto,Caja Azul, ,76.33,24,120.0,1831.92,891
877,259.0,2023-03-06,Marisa y Kuky,Caja Azul, ,204.27,48,280.0,9804.96,129
879,261.0,2023-03-06,Fausto,Caja, ,157.74,6,200.0,946.44,784
880,261.0,2023-03-06,Fausto,Caja, ,369.23,6,480.0,2215.38,1073
881,261.0,2023-03-06,Fausto,Caja, ,49.63,10,80.0,496.3,750
882,262.0,2023-03-06,Fausto,Caja Azul, ,376.13,12,500.0,4513.56,1185
883,262.0,2023-03-06,Fausto,Caja Azul, ,281.25,5,380.0,1406.25,503
884,262.0,2023-03-06,Fausto,Caja Azul, ,281.25,4,380.0,1125.0,512
885,262.0,2023-03-06,Fausto,Caja Azul, ,281.25,4,380.0,1125.0,504
886,262.0,2023-03-06,Fausto,Caja Azul, ,281.25,4,380.0,1125.0,510
888,264.0,2023-03-08,Fausto,Caja, ,291.66,12,400.0,3499.92,260
889,264.0,2023-03-08,Fausto,Caja, ,196.66,18,280.0,3539.88,30
890,264.0,2023-03-08,Fausto,Caja, ,483.33,12,700.0,5799.96,97
891,264.0,2023-03-08,Fausto,Caja, ,141.66,12,200.0,1699.92,1085
892,264.0,2023-03-08,Marisa y Kuky,Caja, ,220.0,20,280.0,4400.0,217
893,265.0,2023-03-09,Marisa y Kuky,Caja Azul, ,500.0,10,580.0,5000.0,220
894,265.0,2023-03-09,Marisa y Kuky,Caja Azul, ,150.0,30,150.0,4500.0,201
895,265.0,2023-03-09,Marisa y Kuky,Caja Azul, ,320.0,10,380.0,3200.0,218
896,265.0,2023-03-09,Marisa y Kuky,Caja Azul, ,330.0,10,400.0,3300.0,215
897,265.0,2023-03-09,Marisa y Kuky,Caja Azul, ,410.0,10,480.0,4100.0,200
898,265.0,2023-03-09,Marisa y Kuky,Caja Azul, ,82.5,4,100.0,330.0,548
899,265.0,2023-03-09,Marisa y Kuky,Caja Azul, ,82.5,4,100.0,330.0,551
900,266.0,2023-03-09,Marisa y Kuky,Caja Azul, ,313.33,5,420.0,1566.65,620
901,266.0,2023-03-09,Marisa y Kuky,Caja Azul, ,313.33,3,400.0,939.99,658
902,266.0,2023-03-09,Marisa y Kuky,Caja Azul, ,313.33,3,400.0,939.99,659
903,266.0,2023-03-09,Marisa y Kuky,Caja Azul, ,330.35,4,430.0,1321.4,972
904,267.0,2023-03-09,Marisa y Kuky,Caja Azul, ,179.68,21,250.0,3773.28,1084
905,267.0,2023-03-09,Marisa y Kuky,Caja Azul, ,320.0,4,420.0,1280.0,595
906,267.0,2023-03-09,Marisa y Kuky,Caja Azul, ,320.0,4,420.0,1280.0,597
907,267.0,2023-03-09,Marisa y Kuky,Caja Azul, ,154.9,6,330.0,929.4,114
908,267.0,2023-03-09,Marisa y Kuky,Caja Azul, ,154.9,6,300.0,929.4,109
909,267.0,2023-03-09,Marisa y Kuky,Caja Azul, ,154.9,6,270.0,929.4000000000001,129
910,267.0,2023-03-09,Marisa y Kuky,Caja Azul, ,154.9,6,270.0,929.4,86
912,269.0,2023-03-09,Marisa y Kuky,Caja Azul, ,416.67,12,580.0,5000.04,90
913,269.0,2023-03-09,Marisa y Kuky,Caja Azul, ,383.33,12,500.0,4599.96,122
914,269.0,2023-03-11,Marisa y Kuky,Caja, ,230.0,10,300.0,2300.0,204
915,269.0,2023-03-11,Marisa y Kuky,Caja, ,230.0,10,300.0,2300.0,205
916,269.0,2023-03-11,Marisa y Kuky,Caja, ,142.5,6,300.0,855.0,865
917,269.0,2023-03-11,Marisa y Kuky,Caja, ,199.5,6,300.0,1197.0,839
918,269.0,2023-03-11,Marisa y Kuky,Caja, ,187.6,6,300.0,1125.6,897
919,269.0,2023-03-11,Marisa y Kuky,Caja, ,441.66,6,550.0,2649.96,494
920,269.0,2023-03-11,Marisa y Kuky,Caja, ,441.66,6,550.0,2649.96,514
921,270.0,2023-03-11,Marisa y Kuky,Caja Azul, ,343.19,6,450.0,2059.14,1127
922,270.0,2023-03-11,Marisa y Kuky,Caja Azul, ,149.63,5,250.0,748.15,1121
923,270.0,2023-03-11,Marisa y Kuky,Caja Azul, ,193.52,5,300.0,967.6,1119
924,270.0,2023-03-11,Marisa y Kuky,Caja Azul, ,243.51,5,350.0,1217.55,1120
925,271.0,2023-03-12,Marisa y Kuky,Caja Azul, ,71.5,18,150.0,1287.0,142
926,271.0,2023-03-12,Marisa y Kuky,Caja Azul, ,234.11,6,350.0,1404.66,67
927,271.0,2023-03-12,Marisa y Kuky,Caja Azul, ,234.11,6,350.0,1404.66,66
928,271.0,2023-03-12,Marisa y Kuky,Caja Azul, ,100.0,6,150.0,600.0,819
929,271.0,2023-03-12,Marisa y Kuky,Caja Azul, ,75.0,6,150.0,450.0,818
930,271.0,2023-03-12,Marisa y Kuky,Caja Azul, ,242.0,3,350.0,726.0,932
931,271.0,2023-03-12,Marisa y Kuky,Caja Azul, ,242.0,3,350.0,726.0,938
932,271.0,2023-03-12,Marisa y Kuky,Caja Azul, ,575.3,12,700.0,6903.599999999999,97
933,271.0,2023-03-12,Marisa y Kuky,Caja Azul, ,279.0,10,500.0,2790.0,930
934,272.0,2023-03-12,Marisa y Kuky,Caja Azul, ,1169.01,3,2000.0,3507.03,837
935,272.0,2023-03-12,Marisa y Kuky,Caja Azul, ,1189.99,2,1800.0,2379.98,836
936,272.0,2023-03-12,Marisa y Kuky,Caja Azul, ,229.0,6,350.0,1374.0,790
937,272.0,2023-03-12,Marisa y Kuky,Caja Azul, ,148.61,12,200.0,1783.32,501
939,274.0,2023-03-13,Fausto,Caja Azul, ,230.78,3,300.0,692.34,1043
940,274.0,2023-03-13,Fausto,Caja Azul, ,423.0,3,550.0,1269.0,1044
941,274.0,2023-03-13,Fausto,Caja Azul, ,192.3,3,250.0,576.9,1029
942,274.0,2023-03-13,Fausto,Caja Azul, ,384.6,1,500.0,384.6,1046
943,274.0,2023-03-13,Fausto,Caja Azul, ,384.6,3,500.0,1153.8,1031
944,274.0,2023-03-13,Fausto,Caja Azul, ,226.0,3,300.0,678.0,795
945,274.0,2023-03-13,Fausto,Caja Azul, ,193.2,3,250.0,579.6,797
946,275.0,2023-03-14,Marisa y Kuky,Caja Azul, ,281.25,8,380.0,2250.0,510
947,276.0,2023-03-14,Marisa y Kuky,Caja Azul, ,560.0,10,640.0,5600.0,213
948,276.0,2023-03-14,Marisa y Kuky,Caja Azul, ,350.0,10,430.0,3500.0,212
949,276.0,2023-03-14,Marisa y Kuky,Caja Azul, ,550.0,10,640.0,5500.0,219
950,276.0,2023-03-14,Marisa y Kuky,Caja Azul, ,320.0,10,400.0,3200.0,221
951,276.0,2023-03-14,Marisa y Kuky,Caja Azul, ,82.5,8,100.0,660.0,548
952,277.0,2023-03-14,Marisa y Kuky,Caja Azul, ,287.5,16,400.0,4600.0,492
953,278.0,2023-03-14,Marisa y Kuky,Caja Azul, ,250.0,8,400.0,2000.0,497
954,278.0,2023-03-14,Marisa y Kuky,Caja Azul, ,250.0,8,400.0,2000.0,517
955,278.0,2023-03-14,Marisa y Kuky,Caja Azul, ,166.66,12,230.0,1999.92,490
956,278.0,2023-03-14,Marisa y Kuky,Caja Azul, ,166.66,12,230.0,1999.92,496
957,278.0,2023-03-14,Marisa y Kuky,Caja Azul, ,166.66,12,230.0,1999.92,516
958,279.0,2023-03-14,Marisa y Kuky,Caja Azul, ,280.0,7,400.0,1960.0,42
959,279.0,2023-03-14,Marisa y Kuky,Caja Azul, ,280.0,7,400.0,1960.0,46
960,281.0,2023-03-14,Marisa y Kuky,Caja Azul,Claro,1500.0,1,1.0,1500.0,85
961,281.0,2023-03-14,Marisa y Kuky,Caja Azul,Claro,10000.0,1,1.0,10000.0,85
962,282.0,2023-03-16,Marisa y Kuky,Caja Azul, ,320.0,20,400.0,6400.0,208
963,282.0,2023-03-16,Marisa y Kuky,Caja Azul, ,76.24,25,150.0,1906.0,1112
964,283.0,2023-03-16,Fausto,Caja, ,281.25,4,380.0,1125.0,504
965,283.0,2023-03-16,Fausto,Caja, ,281.25,4,380.0,1125.0,508
966,283.0,2023-03-16,Fausto,Caja, ,281.25,4,380.0,1125.0,510
967,283.0,2023-03-16,Fausto,Caja, ,281.25,4,380.0,1125.0,512
968,283.0,2023-03-16,Fausto,Caja, ,288.93,4,380.0,1155.72,1057
969,283.0,2023-03-16,Fausto,Caja, ,288.93,4,380.0,1155.72,1061
970,283.0,2023-03-16,Fausto,Caja, ,288.93,4,380.0,1155.72,1060
971,283.0,2023-03-16,Fausto,Caja, ,288.93,4,380.0,1155.72,1064
972,284.0,2023-03-16,Fausto,Caja, ,98.05,5,130.0,490.25,657
973,284.0,2023-03-16,Fausto,Caja, ,178.41,5,280.0,892.05,653
974,284.0,2023-03-16,Fausto,Caja, ,315.31,3,420.0,945.93,620
975,284.0,2023-03-16,Fausto,Caja, ,370.0,2,480.0,740.0,648
976,284.0,2023-03-16,Fausto,Caja, ,98.05,5,130.0,490.25,660
977,284.0,2023-03-16,Fausto,Caja, ,370.0,2,480.0,740.0,645
978,285.0,2023-03-17,Marisa y Kuky,Caja Azul, ,274.28,2,400.0,548.56,39
979,285.0,2023-03-17,Marisa y Kuky,Caja Azul, ,274.28,6,400.0,1645.68,42
980,285.0,2023-03-17,Marisa y Kuky,Caja Azul, ,274.28,6,400.0,1645.68,46
981,286.0,2023-03-17,Marisa y Kuky,Caja Azul, ,327.71,36,500.0,11797.56,122
982,286.0,2023-03-17,Marisa y Kuky,Caja Azul, ,278.56,12,380.0,3342.72,94
983,287.0,2023-03-17,Marisa y Kuky,Caja Azul, ,179.4,5,300.0,897.0,679
984,287.0,2023-03-17,Marisa y Kuky,Caja Azul, ,167.26,10,300.0,1672.6,673
985,287.0,2023-03-17,Marisa y Kuky,Caja Azul, ,167.26,10,200.0,1672.6,684
986,287.0,2023-03-17,Marisa y Kuky,Caja Azul, ,99.07,6,200.0,594.42,683
987,287.0,2023-03-17,Marisa y Kuky,Caja Azul, ,58.39,6,100.0,350.34,682
988,287.0,2023-03-17,Marisa y Kuky,Caja Azul, ,47.87,10,100.0,478.7,719
989,287.0,2023-03-17,Marisa y Kuky,Caja Azul, ,75.52,12,150.0,906.24,692
990,287.0,2023-03-17,Marisa y Kuky,Caja Azul, ,138.32,6,250.0,829.92,720
991,287.0,2023-03-17,Marisa y Kuky,Caja Azul, ,266.67,5,400.0,1333.3500000000001,680
992,288.0,2023-03-18,Fausto,Caja, ,193.34,12,280.0,2320.08,24
993,288.0,2023-03-18,Fausto,Caja, ,193.34,12,280.0,2320.08,27
994,288.0,2023-03-18,Fausto,Caja, ,193.34,12,280.0,2320.08,30
995,288.0,2023-03-18,Fausto,Caja, ,80.0,24,130.0,1920.0,179
996,289.0,2023-03-18,Fausto,Caja, ,320.0,8,420.0,2560.0,597
997,290.0,2023-03-18,Fausto,Caja, ,197.67,12,280.0,2372.04,27
998,291.0,2023-03-18,Fausto,Caja, ,342.67,3,500.0,1028.01,371
999,291.0,2023-03-18,Fausto,Caja, ,342.67,3,500.0,1028.01,368
1000,291.0,2023-03-18,Fausto,Caja, ,342.67,3,500.0,1028.01,361
1001,291.0,2023-03-18,Fausto,Caja, ,342.67,3,500.0,1028.01,362
1002,291.0,2023-03-18,Fausto,Caja, ,103.72,20,180.0,2074.4,1045
1003,292.0,2023-03-19,Marisa y Kuky,Caja Azul, ,443.0,6,550.0,2658.0,741
1004,292.0,2023-03-19,Marisa y Kuky,Caja Azul, ,443.0,1,900.0,443.0,1156
1005,292.0,2023-03-19,Marisa y Kuky,Caja Azul, ,563.0,6,700.0,3378.0,1157
1006,292.0,2023-03-19,Marisa y Kuky,Caja Azul, ,630.0,6,750.0,3780.0,1155
1007,292.0,2023-03-19,Marisa y Kuky,Caja Azul, ,133.75,12,200.0,1605.0,1135
1008,293.0,2023-03-21,Marisa y Kuky,Caja, ,333.33,30,450.0,9999.9,23
1009,294.0,2023-03-21,Marisa y Kuky,Caja, ,274.28,6,400.0,1645.68,42
1010,294.0,2023-03-21,Marisa y Kuky,Caja, ,274.28,6,400.0,1645.68,46
1011,294.0,2023-03-21,Marisa y Kuky,Caja, ,274.28,2,300.0,548.56,38
1012,294.0,2023-03-21,Marisa y Kuky,Caja, ,133.42,10,180.0,1334.2,1052
1013,295.0,2023-03-22,Marisa y Kuky,Caja Azul, ,220.0,12,400.0,2640.0,1134
1014,295.0,2023-03-22,Marisa y Kuky,Caja Azul, ,390.0,6,600.0,2340.0,1144
1015,295.0,2023-03-22,Marisa y Kuky,Caja Azul, ,190.0,4,400.0,760.0,1126
1016,295.0,2023-03-22,Marisa y Kuky,Caja Azul, ,450.0,5,600.0,1800.0,681
1017,296.0,2023-03-23,Marisa y Kuky,Caja Azul, ,420.0,10,500.0,4200.0,226
1018,296.0,2023-03-23,Marisa y Kuky,Caja Azul, ,560.0,10,650.0,5600.0,209
1019,297.0,2023-03-23,Marisa y Kuky,Caja Azul, ,91.66,6,150.0,549.96,479
1020,297.0,2023-03-23,Marisa y Kuky,Caja Azul, ,91.66,6,150.0,549.96,482
1021,297.0,2023-03-23,Marisa y Kuky,Caja Azul, ,91.66,6,150.0,549.96,486
1022,297.0,2023-03-23,Marisa y Kuky,Caja Azul, ,291.66,12,400.0,3499.92,481
1023,297.0,2023-03-23,Marisa y Kuky,Caja Azul, ,291.66,20,400.0,5833.2,478
1024,297.0,2023-03-23,Marisa y Kuky,Caja Azul, ,291.66,6,400.0,1749.96,485
1025,298.0,2023-03-23,Marisa y Kuky,Caja Azul, ,303.39,3,400.0,910.17,659
1026,298.0,2023-03-23,Marisa y Kuky,Caja Azul, ,303.39,3,400.0,910.17,658
1027,298.0,2023-03-23,Marisa y Kuky,Caja Azul, ,178.42,5,280.0,892.1,653
1028,298.0,2023-03-23,Marisa y Kuky,Caja Azul, ,98.11,5,130.0,490.55,657
1029,298.0,2023-03-23,Marisa y Kuky,Caja Azul, ,98.11,5,130.0,490.55,660
1030,298.0,2023-03-23,Marisa y Kuky,Caja Azul, ,213.09,24,300.0,5114.16,641
1031,298.0,2023-03-23,Marisa y Kuky,Caja Azul, ,213.09,12,300.0,2557.08,638
1032,299.0,2023-03-23,Marisa y Kuky,Caja Azul, ,210.0,20,300.0,4200.0,217
1033,299.0,2023-03-23,Marisa y Kuky,Caja Azul, ,230.0,10,220.0,2300.0,222
1034,299.0,2023-03-23,Marisa y Kuky,Caja Azul, ,230.0,10,320.0,2300.0,224
1035,299.0,2023-03-23,Marisa y Kuky,Caja Azul, ,287.5,8,400.0,2300.0,492
1036,299.0,2023-03-23,Marisa y Kuky,Caja Azul, ,441.66,12,550.0,5299.92,488
1037,299.0,2023-03-23,Marisa y Kuky,Caja Azul, ,441.66,6,550.0,2649.96,494
1038,299.0,2023-03-23,Marisa y Kuky,Caja Azul, ,441.66,6,550.0,2649.96,514
1041,301.0,2023-03-24,Marisa y Kuky,Caja Azul, ,169.13,12,250.0,2029.56,147
1042,302.0,2023-03-25,Marisa y Kuky,Caja Azul, ,25.0,12,50.0,300.0,804
1043,302.0,2023-03-25,Marisa y Kuky,Caja Azul, ,25.0,12,50.0,300.0,805
1044,302.0,2023-03-25,Marisa y Kuky,Caja Azul, ,85.0,4,150.0,340.0,838
1045,302.0,2023-03-25,Marisa y Kuky,Caja Azul, ,300.48,5,450.0,1502.4,623
1046,302.0,2023-03-25,Marisa y Kuky,Caja Azul, ,40.59,20,100.0,811.8,568
1047,302.0,2023-03-25,Marisa y Kuky,Caja Azul, ,40.59,20,100.0,811.8,561
1048,303.0,2023-03-25,Marisa y Kuky,Caja Azul, ,86.43,16,150.0,1382.88,565
1049,303.0,2023-03-25,Marisa y Kuky,Caja Azul, ,11.25,60,20.0,675.0,781
1050,303.0,2023-03-25,Marisa y Kuky,Caja Azul, ,14.39,30,20.0,431.7,779
1051,303.0,2023-03-25,Marisa y Kuky,Caja Azul, ,485.0,6,580.0,2910.0,1191
1052,303.0,2023-03-25,Marisa y Kuky,Caja Azul, ,278.0,12,380.0,3336.0,627
1053,303.0,2023-03-25,Marisa y Kuky,Caja Azul, ,330.0,10,400.0,3300.0,215
1054,303.0,2023-03-25,Marisa y Kuky,Caja Azul, ,330.0,10,400.0,3300.0,218
1055,303.0,2023-03-25,Marisa y Kuky,Caja Azul, ,570.0,10,650.0,5700.0,216
1056,303.0,2023-03-25,Marisa y Kuky,Caja Azul, ,90.0,2,100.0,180.0,549
1057,303.0,2023-03-25,Marisa y Kuky,Caja Azul, ,90.0,2,100.0,180.0,551
1058,304.0,2023-03-26,Marisa y Kuky,Caja, ,20.0,36,30.0,720.0,327
1059,305.0,2023-03-27,Marisa y Kuky,Caja Azul,Claro,1.0,2000,1.0,2000.0,85
1060,306.0,2023-03-27,Marisa y Kuky,Caja, ,80.72,3,150.0,242.16,196
1061,306.0,2023-03-27,Marisa y Kuky,Caja, ,147.52,3,200.0,442.56,135
1062,306.0,2023-03-27,Marisa y Kuky,Caja, ,147.52,3,200.0,442.56,136
1063,306.0,2023-03-27,Marisa y Kuky,Caja, ,147.52,3,200.0,442.56,137
1064,306.0,2023-03-27,Marisa y Kuky,Caja, ,60.1,8,100.0,480.8,193
1065,306.0,2023-03-27,Marisa y Kuky,Caja, ,60.1,8,100.0,480.8,191
1066,306.0,2023-03-27,Marisa y Kuky,Caja, ,147.52,3,200.0,442.56,148
1067,306.0,2023-03-27,Marisa y Kuky,Caja, ,81.92,6,130.0,491.52,192
1068,306.0,2023-03-27,Marisa y Kuky,Caja, ,81.92,6,130.0,491.52,194
1069,307.0,2023-03-27,Marisa y Kuky,Caja, ,147.52,3,200.0,442.56,140
1070,307.0,2023-03-27,Marisa y Kuky,Caja, ,147.52,3,200.0,442.56,138
1072,309.0,2023-03-27,Marisa y Kuky,Caja Azul, ,275.54,2,400.0,551.08,859
1073,309.0,2023-03-27,Marisa y Kuky,Caja Azul, ,275.54,2,400.0,551.08,858
1074,309.0,2023-03-27,Marisa y Kuky,Caja Azul, ,275.54,2,400.0,551.08,863
1075,309.0,2023-03-27,Marisa y Kuky,Caja Azul, ,141.32,10,200.0,1413.2,868
1076,310.0,2023-03-27,Marisa y Kuky,Caja Azul, ,604.0,6,750.0,3624.0,1171
1077,310.0,2023-03-27,Marisa y Kuky,Caja Azul, ,590.0,6,700.0,3540.0,1170
1078,311.0,2023-03-28,Marisa y Kuky,Caja,Log In,1.0,5000,1.0,5000.0,85
1079,312.0,2023-03-28,Marisa y Kuky,Caja Azul, ,640.0,10,730.0,6400.0,214
1080,312.0,2023-03-28,Marisa y Kuky,Caja Azul, ,500.0,10,580.0,5000.0,220
1081,312.0,2023-03-28,Marisa y Kuky,Caja Azul, ,360.0,10,430.0,3600.0,212
1082,312.0,2023-03-28,Marisa y Kuky,Caja Azul, ,90.0,6,100.0,540.0,549
1083,313.0,2023-03-29,Marisa y Kuky,Caja Azul,Log In,1.0,5000,1.0,5000.0,85
1084,314.0,2023-03-30,Marisa y Kuky,Caja Azul, ,203.13,6,280.0,1218.78,1082
1085,314.0,2023-03-30,Marisa y Kuky,Caja Azul, ,125.0,36,150.0,4500.0,10
1086,314.0,2023-03-30,Marisa y Kuky,Caja Azul, ,150.0,18,250.0,2700.0,4
1087,314.0,2023-03-30,Marisa y Kuky,Caja Azul, ,200.75,6,330.0,1204.5,114
1088,314.0,2023-03-30,Marisa y Kuky,Caja Azul, ,200.75,6,300.0,1204.5,109
1089,314.0,2023-03-30,Marisa y Kuky,Caja Azul, ,200.75,6,270.0,1204.5,129
1090,314.0,2023-03-30,Marisa y Kuky,Caja Azul, ,200.75,6,270.0,1204.5,86
1091,315.0,2023-03-30,Marisa y Kuky,Caja,Log In,1.0,10000,1.0,10000.0,85
1092,316.0,2023-03-31,Marisa y Kuky,Caja Azul, ,230.0,10,300.0,2300.0,204
1093,316.0,2023-03-31,Marisa y Kuky,Caja Azul, ,150.0,10,240.0,1500.0,225
1094,316.0,2023-03-31,Marisa y Kuky,Caja Azul, ,450.0,18,550.0,8100.0,488
1095,316.0,2023-03-31,Marisa y Kuky,Caja Azul, ,287.5,10,400.0,2875.0,492
1096,317.0,2023-04-01,Fausto,Caja, ,79.27,48,150.0,3804.96,629
1097,318.0,2023-04-01,Marisa y Kuky,Caja Azul, ,69.0,20,100.0,1380.0,286
1098,318.0,2023-04-01,Marisa y Kuky,Caja Azul, ,37.5,20,50.0,750.0,287
1099,318.0,2023-04-01,Marisa y Kuky,Caja Azul, ,70.0,10,100.0,700.0,374
1100,318.0,2023-04-01,Marisa y Kuky,Caja Azul, ,55.0,10,90.0,550.0,376
1102,320.0,2023-04-04,Fausto,Caja Azul, ,132.92,10,200.0,1329.2,467
1103,320.0,2023-04-04,Fausto,Caja Azul, ,121.46,7,180.0,850.22,411
1104,320.0,2023-04-04,Fausto,Caja Azul, ,195.85,4,280.0,783.4,432
1105,320.0,2023-04-04,Fausto,Caja Azul, ,162.19,4,250.0,648.76,431
1106,321.0,2023-04-05,Fausto,Caja, ,220.0,1,300.0,220.0,217
1107,322.0,2023-04-06,Marisa y Kuky,Caja Azul, ,166.66,12,230.0,1999.92,490
1108,322.0,2023-04-06,Marisa y Kuky,Caja Azul, ,291.67,1,400.0,291.67,492
1109,323.0,2023-04-06,Marisa y Kuky,Caja, ,108.97,5,150.0,544.85,660
1110,323.0,2023-04-06,Marisa y Kuky,Caja, ,108.97,5,150.0,544.85,655
1111,323.0,2023-04-06,Marisa y Kuky,Caja, ,343.75,3,420.0,1031.25,620
1112,323.0,2023-04-06,Marisa y Kuky,Caja, ,227.9,3,330.0,683.7,642
1113,324.0,2023-04-06,Marisa y Kuky,Caja Azul, ,14400.0,1,18750.0,14400.0,96
1114,325.0,2023-04-07,Marisa y Kuky,Caja Azul, ,560.0,10,630.0,5600.0,213
1115,325.0,2023-04-07,Marisa y Kuky,Caja Azul, ,500.0,10,570.0,5000.0,220
1116,325.0,2023-04-07,Marisa y Kuky,Caja Azul, ,112.5,2,150.0,300.0,522
1117,326.0,2023-04-07,Marisa y Kuky,Caja Azul, ,103.0,12,250.0,1236.0,337
1118,326.0,2023-04-07,Marisa y Kuky,Caja Azul, ,495.0,3,650.0,1485.0,305
1119,326.0,2023-04-07,Marisa y Kuky,Caja Azul, ,445.0,3,600.0,1335.0,308
1120,327.0,2023-04-07,Marisa y Kuky,Caja Azul, ,340.0,6,440.0,2040.0,259
1121,327.0,2023-04-07,Marisa y Kuky,Caja Azul, ,340.0,6,440.0,2040.0,256
1122,327.0,2023-04-07,Marisa y Kuky,Caja Azul, ,340.0,6,440.0,2040.0,260
1123,327.0,2023-04-07,Marisa y Kuky,Caja Azul, ,415.69,8,550.0,3325.52,494
1124,327.0,2023-04-07,Marisa y Kuky,Caja Azul, ,423.89,8,550.0,3391.12,514
1125,327.0,2023-04-07,Marisa y Kuky,Caja Azul, ,159.0,12,200.0,1908.0,501
1126,327.0,2023-04-07,Marisa y Kuky,Caja Azul, ,295.0,8,400.0,2360.0,590
1127,328.0,2023-04-08,Marisa y Kuky,Caja Azul, ,220.15,24,320.0,5283.6,88
1128,329.0,2023-04-08,Marisa y Kuky,Caja Azul, ,208.33,24,280.0,4999.92,123
1129,329.0,2023-04-08,Marisa y Kuky,Caja Azul, ,237.5,48,320.0,11400.0,109
1130,330.0,2023-04-08,Marisa y Kuky,Caja Azul,Log In,1.0,10000,1.0,10000.0,85
1131,331.0,2023-04-08,Marisa y Kuky,Caja Azul, ,255.0,6,370.0,1530.0,845
1132,331.0,2023-04-08,Marisa y Kuky,Caja Azul, ,448.99,3,700.0,1346.97,792
1133,332.0,2023-04-09,Marisa y Kuky,Caja Azul, ,410.0,10,500.0,4100.0,200
1134,332.0,2023-04-09,Marisa y Kuky,Caja Azul, ,500.0,10,570.0,5000.0,220
1135,332.0,2023-04-09,Marisa y Kuky,Caja Azul, ,112.5,2,130.0,225.0,523
1136,332.0,2023-04-09,Marisa y Kuky,Caja Azul, ,112.5,2,130.0,225.0,521
1137,333.0,2023-04-10,Marisa y Kuky,Caja, ,264.0,1,350.0,264.0,1046
1138,333.0,2023-04-10,Marisa y Kuky,Caja, ,264.0,30,350.0,7920.0,1050
1139,333.0,2023-04-11,Marisa y Kuky,Caja, ,376.26,36,500.0,13545.36,122
1140,333.0,2023-04-11,Marisa y Kuky,Caja, ,274.81,6,360.0,1648.86,89
1141,334.0,2023-04-11,Marisa y Kuky,Caja Azul, ,220.0,20,300.0,4400.0,217
1142,335.0,2023-04-13,Marisa y Kuky,Caja, ,198.27,6,330.0,1189.62,114
1143,335.0,2023-04-13,Marisa y Kuky,Caja, ,260.23,6,270.0,1561.38,86
1144,335.0,2023-04-13,Marisa y Kuky,Caja, ,178.34,6,320.0,1070.04,109
1145,335.0,2023-04-13,Marisa y Kuky,Caja, ,0.0,6,280.0,0.0,129
1146,336.0,2023-04-14,Marisa y Kuky,Caja Azul, ,360.0,10,400.0,3600.0,212
1147,336.0,2023-04-14,Marisa y Kuky,Caja Azul, ,570.0,10,630.0,5700.0,216
1148,336.0,2023-04-14,Marisa y Kuky,Caja Azul, ,112.5,2,130.0,225.0,520
1149,336.0,2023-04-14,Marisa y Kuky,Caja Azul, ,112.5,1,130.0,112.5,524
1150,337.0,2023-04-14,Marisa y Kuky,Caja Azul, ,150.55,12,200.0,1806.6,878
1151,337.0,2023-04-14,Marisa y Kuky,Caja Azul, ,407.0,3,400.0,1221.0,928
1152,337.0,2023-04-14,Marisa y Kuky,Caja Azul, ,254.81,3,350.0,764.43,927
1153,337.0,2023-04-14,Marisa y Kuky,Caja Azul, ,402.38,3,500.0,1207.14,925
1154,337.0,2023-04-14,Marisa y Kuky,Caja Azul, ,84.0,3,150.0,252.0,825
1155,337.0,2023-04-14,Marisa y Kuky,Caja Azul, ,111.65,5,200.0,558.25,894
1156,337.0,2023-04-14,Marisa y Kuky,Caja Azul, ,350.0,10,450.0,3500.0,760
1157,338.0,2023-04-14,Marisa y Kuky,Caja Azul, ,93.13,16,150.0,1490.08,566
1158,339.0,2023-04-14,Marisa y Kuky,Caja Azul, ,220.83,72,320.0,15899.76,91
1159,340.0,2023-04-15,Marisa y Kuky,Caja, ,103.16,25,200.0,2579.0,1128
1160,340.0,2023-04-15,Marisa y Kuky,Caja, ,125.08,12,230.0,1500.96,396
1161,341.0,2023-04-15,Marisa y Kuky,Caja Azul, ,640.0,6,750.0,3840.0,1154
1162,341.0,2023-04-15,Marisa y Kuky,Caja Azul, ,603.0,6,750.0,3618.0,1169
1163,342.0,2023-04-15,Marisa y Kuky,Caja Azul, ,617.0,6,750.0,3702.0,1175
1164,342.0,2023-04-15,Marisa y Kuky,Caja Azul, ,850.0,6,950.0,5100.0,1156
1165,342.0,2023-04-15,Marisa y Kuky,Caja Azul, ,4.41,150,10.0,661.5,910
1166,343.0,2023-04-17,Marisa y Kuky,Caja Azul, ,331.25,8,430.0,2650.0,492
1167,343.0,2023-04-17,Marisa y Kuky,Caja Azul, ,483.33,12,580.0,5799.96,488
1168,343.0,2023-04-17,Marisa y Kuky,Caja Azul, ,516.66,12,620.0,6199.92,1191
1169,343.0,2023-04-17,Marisa y Kuky,Caja Azul, ,158.33,6,230.0,949.98,59
1170,343.0,2023-04-17,Marisa y Kuky,Caja Azul, ,441.66,6,580.0,2649.96,514
1171,343.0,2023-04-17,Marisa y Kuky,Caja Azul, ,458.33,6,580.0,2749.98,494
1172,344.0,2023-04-17,Marisa y Kuky,Caja Azul, ,225.0,5,400.0,1125.0,503
1173,344.0,2023-04-17,Marisa y Kuky,Caja Azul, ,312.5,4,400.0,1250.0,504
1174,344.0,2023-04-17,Marisa y Kuky,Caja Azul, ,312.5,4,400.0,1250.0,508
1175,344.0,2023-04-17,Marisa y Kuky,Caja Azul, ,312.5,4,400.0,1250.0,510
1176,344.0,2023-04-17,Marisa y Kuky,Caja Azul, ,312.5,4,400.0,1250.0,512
1177,344.0,2023-04-17,Marisa y Kuky,Caja Azul, ,203.0,12,280.0,2436.0,1082
1178,345.0,2023-04-18,Marisa y Kuky,Caja Azul, ,301.71,7,400.0,2111.97,46
1179,345.0,2023-04-18,Marisa y Kuky,Caja Azul, ,301.71,7,400.0,2111.97,42
1180,346.0,2023-04-20,Marisa y Kuky,Caja Azul, ,78.1,12,130.0,937.2,548
1181,346.0,2023-04-20,Marisa y Kuky,Caja Azul, ,48.4,20,100.0,968.0,560
1182,347.0,2023-04-20,Marisa y Kuky,Caja Azul, ,115.0,20,200.0,2300.0,857
1183,348.0,2023-04-20,Marisa y Kuky,Caja Azul, ,199.83,6,300.0,1198.98,26
1184,348.0,2023-04-20,Marisa y Kuky,Caja Azul, ,199.83,12,300.0,2397.96,27
1185,349.0,2023-04-20,Marisa y Kuky,Caja, ,159.82,10,200.0,1598.2,417
1186,349.0,2023-04-20,Marisa y Kuky,Caja, ,258.15,5,340.0,1290.75,453
1187,349.0,2023-04-20,Marisa y Kuky,Caja, ,104.5,6,180.0,627.0,457
1188,349.0,2023-04-20,Marisa y Kuky,Caja, ,104.5,6,180.0,627.0,456
1189,349.0,2023-04-20,Marisa y Kuky,Caja, ,104.5,6,180.0,627.0,458
1190,349.0,2023-04-20,Marisa y Kuky,Caja, ,104.5,6,180.0,627.0,455
1191,349.0,2023-04-20,Marisa y Kuky,Caja, ,215.9,3,300.0,647.7,423
1192,349.0,2023-04-20,Marisa y Kuky,Caja, ,169.23,5,250.0,846.15,462
1193,349.0,2023-04-20,Marisa y Kuky,Caja, ,169.23,5,250.0,846.15,430
1194,350.0,2023-04-20,Marisa y Kuky,Caja Azul,Log In,1.0,10000,1.0,10000.0,85
1195,351.0,2023-04-21,Marisa y Kuky,Caja Azul, ,320.0,20,370.0,6400.0,208
1196,351.0,2023-04-21,Marisa y Kuky,Caja Azul, ,560.0,10,630.0,5600.0,209
1197,352.0,2023-04-21,Marisa y Kuky,Caja Azul, ,166.0,12,250.0,1992.0,348
1198,353.0,2023-04-24,Marisa y Kuky,Caja Azul, ,331.25,16,430.0,5300.0,492
1199,353.0,2023-04-24,Marisa y Kuky,Caja Azul, ,500.0,6,600.0,3000.0,488
1200,353.0,2023-04-24,Marisa y Kuky,Caja Azul, ,220.0,20,320.0,4400.0,217
1201,354.0,2023-04-24,Marisa y Kuky,Caja Azul, ,120.85,20,150.0,2417.0,662
1202,354.0,2023-04-24,Marisa y Kuky,Caja Azul, ,83.27,10,150.0,832.7,707
1203,354.0,2023-04-24,Marisa y Kuky,Caja Azul, ,83.27,10,150.0,832.7,706
1204,354.0,2023-04-24,Marisa y Kuky,Caja Azul, ,83.27,20,120.0,1665.4,675
1205,354.0,2023-04-24,Marisa y Kuky,Caja Azul, ,60.0,12,150.0,720.0,667
1206,354.0,2023-04-24,Marisa y Kuky,Caja Azul, ,65.33,12,150.0,783.96,666
1207,355.0,2023-04-25,Fausto,Caja, ,320.69,36,420.0,11544.84,94
1208,356.0,2023-04-25,Marisa y Kuky,Caja Azul, ,520.48,4,650.0,2081.92,171
1209,356.0,2023-04-25,Marisa y Kuky,Caja Azul, ,520.48,4,650.0,2081.92,164
1210,356.0,2023-04-25,Marisa y Kuky,Caja Azul, ,512.17,6,650.0,3073.02,166
1211,356.0,2023-04-25,Marisa y Kuky,Caja Azul, ,512.17,4,650.0,2048.68,165
1212,356.0,2023-04-25,Marisa y Kuky,Caja Azul, ,520.48,4,650.0,2081.92,170
1213,356.0,2023-04-25,Marisa y Kuky,Caja Azul, ,512.17,6,650.0,3073.02,172
1214,356.0,2023-04-25,Marisa y Kuky,Caja Azul, ,283.86,5,400.0,1419.3,163
1215,356.0,2023-04-25,Marisa y Kuky,Caja Azul, ,283.86,5,400.0,1419.3000000000002,167
1216,357.0,2023-04-25,Marisa y Kuky,Caja Azul, ,298.6,10,400.0,2986.0,162
1217,357.0,2023-04-25,Marisa y Kuky,Caja Azul, ,298.6,10,400.0,2986.0,161
1218,357.0,2023-04-25,Marisa y Kuky,Caja Azul, ,141.78,40,200.0,5671.2,150
1219,358.0,2023-04-26,Marisa y Kuky,Caja Azul, ,320.0,10,380.0,3200.0,221
1220,358.0,2023-04-26,Marisa y Kuky,Caja Azul, ,330.0,7,400.0,2310.0,215
1221,358.0,2023-04-26,Marisa y Kuky,Caja Azul, ,500.0,10,570.0,5000.0,220
1222,358.0,2023-04-26,Marisa y Kuky,Caja Azul, ,640.0,10,700.0,6400.0,214
1223,358.0,2023-04-26,Marisa y Kuky,Caja Azul, ,320.0,10,380.0,3200.0,218
1224,358.0,2023-04-26,Marisa y Kuky,Caja Azul, ,112.5,2,130.0,225.0,524
1225,358.0,2023-04-26,Marisa y Kuky,Caja Azul, ,112.5,2,130.0,225.0,522
1226,358.0,2023-04-26,Marisa y Kuky,Caja Azul, ,112.5,2,130.0,225.0,521
1227,358.0,2023-04-26,Marisa y Kuky,Caja Azul, ,112.5,2,130.0,225.0,520
1228,359.0,2023-04-29,Marisa y Kuky,Caja,Claro,1.0,2000,1.0,2000.0,85
1229,359.0,2023-04-29,Marisa y Kuky,Caja,Claro,1.0,10000,1.0,10000.0,85
1230,360.0,2023-04-29,Marisa y Kuky,Caja Azul, ,109.57,12,200.0,1314.84,232
1231,360.0,2023-04-29,Marisa y Kuky,Caja Azul, ,22.4,25,30.0,560.0,236
1232,360.0,2023-04-29,Marisa y Kuky,Caja Azul, ,22.4,25,30.0,560.0,237
1233,360.0,2023-04-29,Marisa y Kuky,Caja Azul, ,12.0,100,20.0,1200.0,238
1234,361.0,2023-04-30,Marisa y Kuky,Caja Azul, ,441.66,12,550.0,5299.92,110
1235,361.0,2023-04-30,Marisa y Kuky,Caja Azul, ,300.0,12,400.0,3600.0,491
1236,361.0,2023-04-30,Marisa y Kuky,Caja Azul, ,311.66,6,400.0,1869.96,478
1237,361.0,2023-04-30,Marisa y Kuky,Caja Azul, ,311.66,6,400.0,1869.96,481
1238,361.0,2023-04-30,Marisa y Kuky,Caja Azul, ,500.0,12,600.0,6000.0,488
1239,362.0,2023-05-02,Marisa y Kuky,Caja Azul, ,203.12,18,280.0,3656.24,1084
1240,363.0,2023-05-04,Marisa y Kuky,Caja, ,367.1,2,480.0,734.2,659
1241,363.0,2023-05-04,Marisa y Kuky,Caja, ,350.73,3,450.0,1052.19,972
1242,363.0,2023-05-04,Marisa y Kuky,Caja, ,118.71,5,160.0,593.55,660
1243,363.0,2023-05-04,Marisa y Kuky,Caja, ,118.71,5,160.0,593.55,655
1244,363.0,2023-05-04,Marisa y Kuky,Caja, ,367.1,2,480.0,734.2,651
1245,364.0,2023-05-04,Marisa y Kuky,Kuky y Marisa, ,299.0,6,550.0,1794.0,742
1246,364.0,2023-05-04,Marisa y Kuky,Kuky y Marisa, ,259.0,24,360.0,6216.0,639
1247,364.0,2023-05-04,Marisa y Kuky,Kuky y Marisa, ,5.5,100,10.0,550.0,910
1248,364.0,2023-05-04,Marisa y Kuky,Kuky y Marisa, ,146.0,6,250.0,876.0,757
1249,364.0,2023-05-04,Marisa y Kuky,Kuky y Marisa, ,32.6,15,50.0,489.0,840
1250,364.0,2023-05-04,Marisa y Kuky,Kuky y Marisa, ,315.0,18,450.0,5670.0,93
1251,364.0,2023-05-04,Marisa y Kuky,Kuky y Marisa, ,427.0,18,600.0,7686.0,133
1252,365.0,2023-05-04,Marisa y Kuky,Kuky y Marisa, ,131.0,3,230.0,393.0,829
1253,365.0,2023-05-04,Marisa y Kuky,Kuky y Marisa, ,131.0,3,230.0,393.0,830
1254,365.0,2023-05-04,Marisa y Kuky,Kuky y Marisa, ,131.0,3,230.0,393.0,827
1255,365.0,2023-05-04,Marisa y Kuky,Kuky y Marisa, ,131.0,3,230.0,393.0,826
1256,366.0,2023-05-05,Marisa y Kuky,Caja Azul, ,70.0,6,100.0,420.0,572
1257,366.0,2023-05-05,Marisa y Kuky,Caja Azul, ,630.0,10,700.0,6300.0,213
1258,366.0,2023-05-05,Marisa y Kuky,Caja Azul, ,640.0,10,700.0,6400.0,216
1259,366.0,2023-05-05,Marisa y Kuky,Caja Azul, ,560.0,10,630.0,5600.0,220
1260,367.0,2023-05-06,Marisa y Kuky,Caja Azul, ,416.66,6,530.0,2499.96,21
1261,367.0,2023-05-06,Marisa y Kuky,Caja Azul, ,416.66,12,530.0,4999.92,23
1262,367.0,2023-05-06,Marisa y Kuky,Caja Azul, ,260.23,6,330.0,1561.38,86
1263,367.0,2023-05-06,Marisa y Kuky,Caja Azul, ,0.0,6,300.0,0.0,129
1264,367.0,2023-05-06,Marisa y Kuky,Caja Azul, ,267.66,6,350.0,1605.96,109
1265,367.0,2023-05-06,Marisa y Kuky,Caja Azul, ,297.41,6,360.0,1784.46,114
1266,368.0,2023-05-06,Marisa y Kuky,Caja, ,126.3,10,180.0,1263.0,847
1267,368.0,2023-05-06,Marisa y Kuky,Caja, ,148.31,10,250.0,1483.1,467
1268,368.0,2023-05-06,Marisa y Kuky,Caja, ,128.57,25,150.0,3214.25,1112
1269,369.0,2023-05-08,Fausto,Caja, ,189.35,13,300.0,2461.55,1043
1270,370.0,2023-05-08,Fausto,Caja Azul, ,266.42,7,350.0,1864.94,453
1271,370.0,2023-05-08,Fausto,Caja Azul, ,84.43,10,100.0,844.3,460
1272,370.0,2023-05-08,Fausto,Caja Azul, ,164.92,10,230.0,1649.2,412
1273,370.0,2023-05-08,Fausto,Caja Azul, ,47.34,50,100.0,2367.0,572
1274,370.0,2023-05-08,Fausto,Caja Azul, ,97.28,10,130.0,972.8,459
1275,371.0,2023-05-08,Fausto,Caja Azul, ,11.2,70,15.0,784.0,529
1276,372.0,2023-05-08,Marisa y Kuky,Caja Azul, ,265.0,20,350.0,5300.0,217
1277,373.0,2023-05-08,Marisa y Kuky,Caja Azul, ,6.0,217,10.0,1302.0,525
1278,374.0,2023-05-08,Marisa y Kuky,Caja Azul, ,33.54,48,50.0,1609.92,559
1279,375.0,2023-05-08,Marisa y Kuky,Caja Azul, ,14.0,50,30.0,700.0,574
1280,376.0,2023-05-09,Marisa y Kuky,Caja Azul, ,9.17,73,15.0,669.41,527
1281,377.0,2023-05-09,Marisa y Kuky,Caja Azul, ,3.1,340,5.0,1054.0,526
1282,378.0,2023-05-09,Marisa y Kuky,Caja Azul, ,6.5,206,10.0,1339.0,525
1283,379.0,2023-05-09,Marisa y Kuky,Caja Azul, ,3.5,100,5.0,350.0,526
1284,380.0,2023-05-09,Marisa y Kuky,Caja Azul, ,8.9,50,20.0,445.0,534
1285,381.0,2023-05-09,Marisa y Kuky,Caja,Log In,1.0,2000,1.0,2000.0,85
1286,381.0,2023-05-09,Marisa y Kuky,Caja,Log In,1.0,10000,1.0,10000.0,85
1287,382.0,2023-05-10,Marisa y Kuky,Caja Azul, ,603.0,12,700.0,7236.0,1189
1288,382.0,2023-05-10,Marisa y Kuky,Caja Azul, ,830.0,6,950.0,4980.0,1165
1289,383.0,2023-05-11,Marisa y Kuky,Caja, ,309.26,8,400.0,2474.08,510
1290,383.0,2023-05-11,Marisa y Kuky,Caja, ,309.26,8,400.0,2474.08,512
1291,384.0,2023-05-12,Marisa y Kuky,Caja, ,426.91,2,480.0,853.82,648
1292,384.0,2023-05-12,Marisa y Kuky,Caja, ,324.83,3,450.0,974.49,620
1293,384.0,2023-05-12,Marisa y Kuky,Caja, ,276.83,24,380.0,6643.92,638
1294,385.0,2023-05-12,Marisa y Kuky,Caja Azul, ,630.0,20,700.0,12600.0,209
1295,386.0,2023-05-13,Fausto,Caja Azul, ,208.33,12,280.0,2499.96,516
1296,386.0,2023-05-13,Fausto,Caja Azul, ,208.33,12,280.0,2499.96,496
1297,386.0,2023-05-13,Fausto,Caja Azul, ,208.33,12,280.0,2499.96,490
1298,386.0,2023-05-13,Fausto,Caja Azul, ,260.23,6,330.0,1561.38,86
1299,386.0,2023-05-13,Fausto,Caja Azul, ,0.0,6,300.0,0.0,129
1300,386.0,2023-05-13,Fausto,Caja Azul, ,297.41,6,360.0,1784.46,114
1301,386.0,2023-05-13,Fausto,Caja Azul, ,267.67,6,350.0,1606.02,109
1302,387.0,2023-05-13,Marisa y Kuky,Caja Azul, ,64.0,10,100.0,640.0,376
1303,387.0,2023-05-13,Marisa y Kuky,Caja Azul, ,90.0,20,130.0,1800.0,286
1304,387.0,2023-05-13,Marisa y Kuky,Caja Azul, ,44.5,20,80.0,890.0,287
1305,387.0,2023-05-13,Marisa y Kuky,Caja Azul, ,87.0,10,120.0,870.0,300
1306,387.0,2023-05-13,Marisa y Kuky,Caja Azul, ,64.0,10,100.0,640.0,301
1307,387.0,2023-05-13,Marisa y Kuky,Caja Azul, ,89.66,30,150.0,2689.8,290
1308,387.0,2023-05-13,Marisa y Kuky,Caja Azul, ,62.33,30,100.0,1869.9,386
1309,388.0,2023-05-14,Marisa y Kuky,Caja, ,720.0,10,800.0,7200.0,214
1310,388.0,2023-05-14,Marisa y Kuky,Caja, ,630.0,10,700.0,6300.0,219
1311,388.0,2023-05-14,Marisa y Kuky,Caja, ,560.0,10,630.0,5600.0,220
1312,388.0,2023-05-14,Marisa y Kuky,Caja, ,630.0,10,700.0,6300.0,213
1313,388.0,2023-05-14,Marisa y Kuky,Caja, ,70.0,4,100.0,280.0,572
1314,389.0,2023-05-14,Marisa y Kuky,Caja Azul, ,200.0,1,300.0,200.0,158
1315,389.0,2023-05-14,Marisa y Kuky,Caja Azul, ,420.0,1,450.0,420.0,182
1316,390.0,2023-05-14,Marisa y Kuky,Caja Azul, ,499.5,8,630.0,3996.0,494
1317,390.0,2023-05-14,Marisa y Kuky,Caja Azul, ,471.62,48,630.0,22637.76,488
1318,391.0,2023-05-14,Marisa y Kuky,Caja Azul, ,16.66,36,30.0,599.76,781
1319,392.0,2023-05-14,Marisa y Kuky,Caja Azul, ,439.0,5,570.0,2195.0,624
1320,393.0,2023-05-14,Marisa y Kuky,Caja Azul, ,488.0,3,650.0,1464.0,71
1321,394.0,2023-05-14,Marisa y Kuky,Caja Azul, ,300.0,3,450.0,900.0,70
1322,395.0,2023-05-14,Marisa y Kuky,Caja Azul, ,92.25,16,150.0,1476.0,870
1323,396.0,2023-05-14,Marisa y Kuky,Caja Azul, ,850.0,6,1550.0,5100.0,49
1324,397.0,2023-05-15,Marisa y Kuky,Caja, ,575.36,6,750.0,3452.16,1188
1325,398.0,2023-05-16,Marisa y Kuky,Caja Azul, ,66.89,24,100.0,1605.36,143
1326,398.0,2023-05-16,Marisa y Kuky,Caja Azul, ,66.89,24,100.0,1605.36,144
1327,398.0,2023-05-16,Marisa y Kuky,Caja Azul, ,203.12,12,300.0,2437.44,1084
1328,398.0,2023-05-16,Marisa y Kuky,Caja Azul, ,312.81,8,430.0,2502.48,504
1329,398.0,2023-05-16,Marisa y Kuky,Caja Azul, ,312.81,4,430.0,1251.24,508
1330,398.0,2023-05-16,Marisa y Kuky,Caja Azul, ,312.81,4,430.0,1251.24,503
1331,399.0,2023-05-16,Marisa y Kuky,Caja Azul,Claro,1.0,3000,1.0,3000.0,85
1332,399.0,2023-05-16,Marisa y Kuky,Caja Azul,Claro,1.0,10000,1.0,10000.0,85
1333,400.0,2023-05-19,Marisa y Kuky,Caja Azul, ,360.0,10,430.0,3600.0,208
1334,400.0,2023-05-19,Marisa y Kuky,Caja Azul, ,630.0,10,700.0,6300.0,209
1335,401.0,2023-05-19,Fausto,Caja Azul, ,369.84,36,530.0,13314.24,122
1336,401.0,2023-05-19,Fausto,Caja Azul, ,311.71,12,430.0,3740.52,500
1337,402.0,2023-05-20,Fausto,Caja Azul, ,51.0,20,100.0,1020.0,561
1338,402.0,2023-05-20,Fausto,Caja Azul, ,105.0,16,150.0,1680.0,563
1339,402.0,2023-05-20,Fausto,Caja Azul, ,85.0,12,150.0,1020.0,551
1340,402.0,2023-05-20,Fausto,Caja Azul, ,85.0,12,150.0,1020.0,553
1341,403.0,2023-05-20,Fausto,Caja Azul, ,211.66,12,320.0,2539.92,26
1342,403.0,2023-05-20,Fausto,Caja Azul, ,211.66,12,320.0,2539.92,27
1343,403.0,2023-05-20,Fausto,Caja Azul, ,211.66,12,320.0,2539.92,30
1344,404.0,2023-05-20,Fausto,Caja, ,153.58,12,230.0,1842.96,396
1345,404.0,2023-05-20,Fausto,Caja, ,196.36,7,300.0,1374.52,431
1346,404.0,2023-05-20,Fausto,Caja, ,237.12,7,330.0,1659.84,432
1347,405.0,2023-05-20,Fausto,Caja, ,252.0,8,450.0,2016.0,579
1348,405.0,2023-05-20,Fausto,Caja, ,270.0,8,450.0,2160.0,578
1349,405.0,2023-05-20,Fausto,Caja, ,280.0,4,500.0,1120.0,595
1350,405.0,2023-05-20,Fausto,Caja, ,280.0,4,500.0,1120.0,597
1351,405.0,2023-05-20,Fausto,Caja, ,297.41,6,360.0,1784.46,114
1352,405.0,2023-05-20,Fausto,Caja, ,122.68,12,300.0,1472.16,129
1353,405.0,2023-05-20,Fausto,Caja, ,267.67,6,350.0,1606.02,109
1354,406.0,2023-05-22,Marisa y Kuky,Caja Azul, ,189.34,13,250.0,2461.42,1043
1355,406.0,2023-05-22,Marisa y Kuky,Caja Azul, ,189.34,13,250.0,2461.42,1029
1356,406.0,2023-05-22,Marisa y Kuky,Caja Azul, ,173.08,4,280.0,692.32,1075
1357,407.0,2023-05-22,Marisa y Kuky,Caja Azul, ,203.12,12,300.0,2437.44,1084
